Country/Region,Date,year,month,week,region,Confirmed,Confirmed_new_cases,Confirmed_daily_%inc_by_country,Confirmed_rank_in_world,Confirmed_new_cases_rank_in_world,Confirmed_rank_in_region,Confirmed_new_cases_rank_in_region,Deaths,Deaths_new_cases,Deaths_daily_%inc_by_country,Deaths_rank_in_world,Deaths_new_cases_rank_in_world,Deaths_rank_in_region,Deaths_new_cases_rank_in_region,Active,Active_new_cases,Active_daily_%inc_by_country,Active_rank_in_world,Active_new_cases_rank_in_world,Active_rank_in_region,Active_new_cases_rank_in_region,Recovered,Recovered_new_cases,Recovered_daily_%inc_by_country,Recovered_rank_in_world,Recovered_new_cases_rank_in_world,Recovered_rank_in_region,Recovered_new_cases_rank_in_region
Afghanistan,2021-02-15,2021,2,7,Eastern Mediterranean,55520,22,0.039645354300000005,97.0,133.0,17.0,18.0,2427,0,0.0,69.0,120.0,10.0,18.0,4654,0,0.0,101.0,69.0,18.0,12.0,48433,38,0.0785205083,90.0,113.0,17.0,18.0
Albania,2021-02-15,2021,2,7,Europe,93850,775,0.8326618319,84.0,53.0,37.0,24.0,1567,12,0.7717041801000001,80.0,54.0,37.0,24.0,34547,0,0.0,39.0,69.0,22.0,23.0,57736,972,1.7123528997,86.0,41.0,35.0,17.0
Algeria,2021-02-15,2021,2,7,Africa,110894,183,0.1652952281,80.0,94.0,4.0,13.0,2943,4,0.1361007145,67.0,90.0,2.0,13.0,31783,10,0.0314732635,43.0,55.0,2.0,14.0,76168,169,0.22237134700000002,77.0,86.0,5.0,14.0
Andorra,2021-02-15,2021,2,7,Europe,10538,35,0.3332381224,133.0,124.0,50.0,48.0,107,0,0.0,141.0,120.0,49.0,46.0,466,0,0.0,144.0,69.0,49.0,23.0,9965,54,0.5448491575000001,126.0,105.0,46.0,34.0
Angola,2021-02-15,2021,2,7,Africa,20381,15,0.0736521654,117.0,139.0,18.0,32.0,493,1,0.2032520325,108.0,107.0,14.0,19.0,1004,0,0.0,132.0,69.0,28.0,20.0,18884,89,0.47353019420000003,107.0,100.0,16.0,22.0
Antigua and Barbuda,2021-02-15,2021,2,7,Americas,443,16,3.7470725995,178.0,138.0,32.0,25.0,9,0,0.0,169.0,120.0,31.0,24.0,229,10,4.5662100457,159.0,55.0,30.0,8.0,205,6,3.0150753769,173.0,130.0,31.0,26.0
Argentina,2021-02-15,2021,2,7,Americas,2029057,3259,0.160874875,12.0,16.0,4.0,5.0,50327,91,0.1811449956,13.0,15.0,5.0,6.0,145288,0,0.0,18.0,69.0,4.0,10.0,1833442,6324,0.3461188604,8.0,13.0,3.0,5.0
Armenia,2021-02-15,2021,2,7,Europe,169255,88,0.052019601900000004,66.0,111.0,34.0,42.0,3147,6,0.1910219675,61.0,75.0,31.0,35.0,5003,0,0.0,98.0,69.0,41.0,23.0,161105,90,0.055895413500000005,55.0,99.0,25.0,33.0
Australia,2021-02-15,2021,2,7,Western Pacific,28905,5,0.0173010381,113.0,150.0,7.0,9.0,909,0,0.0,94.0,120.0,6.0,6.0,1868,3,0.1608579088,117.0,63.0,5.0,3.0,26128,2,0.007655209400000001,100.0,137.0,7.0,9.0
Austria,2021-02-15,2021,2,7,Europe,434712,1225,0.28259209620000003,35.0,35.0,18.0,18.0,8221,10,0.1217878456,39.0,60.0,19.0,28.0,14034,0,0.0,65.0,69.0,29.0,23.0,412457,1258,0.3059345961,27.0,35.0,11.0,15.0
Azerbaijan,2021-02-15,2021,2,7,Europe,232197,74,0.03187965,53.0,112.0,26.0,43.0,3183,3,0.0943396226,60.0,93.0,30.0,40.0,2254,0,0.0,112.0,69.0,45.0,23.0,226760,106,0.0467673194,43.0,98.0,19.0,32.0
Bahamas,2021-02-15,2021,2,7,Americas,8311,0,0.0,137.0,158.0,25.0,30.0,178,0,0.0,128.0,120.0,25.0,24.0,1202,0,0.0,127.0,69.0,24.0,10.0,6931,0,0.0,133.0,140.0,26.0,28.0
Bahrain,2021-02-15,2021,2,7,Eastern Mediterranean,113590,848,0.7521597985,79.0,44.0,16.0,7.0,406,3,0.7444168734000001,111.0,93.0,19.0,13.0,7400,227,3.1646451973,84.0,28.0,14.0,5.0,105784,618,0.5876423939000001,69.0,57.0,16.0,11.0
Bangladesh,2021-02-15,2021,2,7,South-East Asia,541038,446,0.08250214580000001,33.0,70.0,3.0,4.0,8285,11,0.1329465796,38.0,56.0,3.0,3.0,44883,0,0.0,37.0,69.0,3.0,4.0,487870,641,0.1315603135,25.0,55.0,3.0,5.0
Barbados,2021-02-15,2021,2,7,Americas,2268,207,10.0436681223,163.0,93.0,30.0,21.0,24,1,4.347826087,162.0,107.0,29.0,22.0,605,183,43.36492891,142.0,31.0,28.0,5.0,1639,23,1.4232673267,159.0,118.0,29.0,23.0
Belarus,2021-02-15,2021,2,7,Europe,269787,1100,0.4093982962,46.0,37.0,22.0,19.0,1858,9,0.48674959440000004,75.0,65.0,36.0,31.0,8900,264,3.0569708198,77.0,27.0,35.0,16.0,259029,827,0.3202918645,36.0,43.0,14.0,18.0
Belgium,2021-02-15,2021,2,7,Europe,739488,857,0.1160254579,26.0,43.0,14.0,21.0,21702,40,0.1846551565,20.0,29.0,10.0,15.0,717786,817,0.11395192820000001,7.0,13.0,5.0,8.0,0,0,0.0,188.0,140.0,53.0,41.0
Belize,2021-02-15,2021,2,7,Americas,12175,30,0.2470152326,130.0,127.0,22.0,24.0,313,0,0.0,117.0,120.0,21.0,24.0,194,0,0.0,161.0,69.0,31.0,10.0,11668,42,0.3612592465,123.0,110.0,21.0,20.0
Benin,2021-02-15,2021,2,7,Africa,5039,479,10.504385964899999,148.0,66.0,33.0,7.0,62,6,10.7142857143,154.0,75.0,40.0,10.0,1017,285,38.9344262295,131.0,25.0,27.0,3.0,3960,188,4.9840933192,142.0,83.0,33.0,13.0
Bhutan,2021-02-15,2021,2,7,South-East Asia,866,2,0.2314814815,173.0,152.0,10.0,9.0,1,0,0.0,179.0,120.0,10.0,8.0,9,2,28.5714285714,179.0,64.0,11.0,3.0,856,0,0.0,166.0,140.0,10.0,9.0
Bolivia,2021-02-15,2021,2,7,Americas,237144,412,0.17403646320000002,52.0,73.0,11.0,18.0,11234,32,0.2856632744,33.0,33.0,10.0,10.0,46853,0,0.0,35.0,69.0,8.0,10.0,179057,1282,0.7211362678000001,49.0,34.0,10.0,11.0
Bosnia and Herzegovina,2021-02-15,2021,2,7,Europe,126139,737,0.5877099249000001,78.0,56.0,35.0,25.0,4916,35,0.717066175,49.0,31.0,24.0,16.0,16083,0,0.0,61.0,69.0,28.0,23.0,105140,1005,0.9650933884,70.0,40.0,28.0,16.0
Botswana,2021-02-15,2021,2,7,Africa,25802,876,3.5144026318,114.0,42.0,16.0,2.0,226,24,11.8811881188,125.0,41.0,23.0,2.0,3683,173,4.9287749288,102.0,32.0,14.0,5.0,21893,679,3.200716508,105.0,53.0,14.0,4.0
Brazil,2021-02-15,2021,2,7,Americas,9866710,32197,0.32738784320000003,3.0,3.0,2.0,2.0,239773,528,0.2206942674,2.0,4.0,2.0,2.0,805050,0,0.0,6.0,69.0,2.0,10.0,8821887,56839,0.6484733455,2.0,1.0,1.0,1.0
Brunei,2021-02-15,2021,2,7,Western Pacific,184,0,0.0,179.0,158.0,13.0,12.0,3,0,0.0,175.0,120.0,11.0,6.0,4,0,0.0,180.0,69.0,13.0,5.0,177,2,1.1428571429,175.0,137.0,13.0,9.0
Bulgaria,2021-02-15,2021,2,7,Europe,230747,1068,0.46499679990000004,54.0,38.0,27.0,20.0,9671,47,0.4883624273,36.0,26.0,18.0,13.0,23500,365,1.5776961314,51.0,22.0,25.0,12.0,197576,656,0.33313020520000003,46.0,54.0,21.0,20.0
Burkina Faso,2021-02-15,2021,2,7,Africa,11630,42,0.3624439075,132.0,117.0,26.0,22.0,138,0,0.0,135.0,120.0,27.0,23.0,513,0,0.0,143.0,69.0,31.0,20.0,10979,109,1.0027598896,124.0,96.0,26.0,20.0
Burma,2021-02-15,2021,2,7,South-East Asia,141637,36,0.0254235493,74.0,122.0,5.0,8.0,3190,1,0.0313577924,59.0,107.0,4.0,6.0,7982,0,0.0,82.0,69.0,4.0,4.0,130465,134,0.1028151399,62.0,89.0,5.0,7.0
Burundi,2021-02-15,2021,2,7,Africa,1849,25,1.3706140351,167.0,130.0,44.0,26.0,3,0,0.0,175.0,120.0,47.0,23.0,1073,25,2.3854961832,129.0,53.0,25.0,13.0,773,0,0.0,168.0,140.0,45.0,34.0
Cambodia,2021-02-15,2021,2,7,Western Pacific,479,0,0.0,177.0,158.0,12.0,12.0,0,0,0.0,181.0,120.0,14.0,6.0,10,0,0.0,178.0,69.0,12.0,5.0,469,0,0.0,172.0,140.0,12.0,12.0
Cameroon,2021-02-15,2021,2,7,Africa,32098,0,0.0,108.0,158.0,12.0,38.0,479,0,0.0,109.0,120.0,15.0,23.0,2010,0,0.0,114.0,69.0,18.0,20.0,29609,0,0.0,98.0,140.0,11.0,34.0
Canada,2021-02-15,2021,2,7,Americas,832375,1763,0.21225313380000002,22.0,28.0,7.0,8.0,21298,37,0.1740275622,21.0,30.0,7.0,8.0,36374,0,0.0,38.0,69.0,10.0,10.0,774703,2747,0.3558492971,17.0,24.0,6.0,7.0
Cape Verde,2021-02-15,2021,2,7,Africa,14761,20,0.13567600570000002,127.0,135.0,24.0,29.0,139,0,0.0,134.0,120.0,26.0,23.0,382,0,0.0,149.0,69.0,35.0,20.0,14240,42,0.2958163122,116.0,110.0,22.0,26.0
Central African Republic,2021-02-15,2021,2,7,Africa,4996,0,0.0,149.0,158.0,34.0,38.0,63,0,0.0,152.0,120.0,39.0,23.0,48,0,0.0,170.0,69.0,46.0,20.0,4885,0,0.0,139.0,140.0,31.0,34.0
Chad,2021-02-15,2021,2,7,Africa,3664,19,0.5212620027,153.0,136.0,38.0,30.0,131,2,1.5503875969,139.0,100.0,30.0,17.0,351,10,2.9325513196,154.0,55.0,40.0,14.0,3182,7,0.2204724409,146.0,129.0,36.0,30.0
Chile,2021-02-15,2021,2,7,Americas,779541,3332,0.4292658292,24.0,15.0,8.0,4.0,19624,83,0.4247479658,22.0,18.0,8.0,7.0,22791,0,0.0,53.0,69.0,12.0,10.0,737126,3395,0.4627036339,18.0,21.0,7.0,6.0
China,2021-02-15,2021,2,7,Western Pacific,100624,25,0.024851141700000003,82.0,130.0,4.0,7.0,4829,0,0.0,50.0,120.0,3.0,6.0,999,0,0.0,133.0,69.0,6.0,5.0,94796,68,0.0717844777,71.0,103.0,4.0,4.0
Colombia,2021-02-15,2021,2,7,Americas,2198549,3510,0.1599060427,11.0,14.0,3.0,3.0,57786,181,0.31420883600000005,12.0,11.0,4.0,4.0,50296,0,0.0,31.0,69.0,6.0,10.0,2090467,6916,0.3319333196,7.0,10.0,2.0,4.0
Comoros,2021-02-15,2021,2,7,Africa,3358,24,0.7198560288,154.0,132.0,39.0,27.0,132,3,2.3255813953,138.0,93.0,29.0,15.0,315,0,0.0,155.0,69.0,41.0,20.0,2911,134,4.8253510983000005,149.0,89.0,38.0,16.0
Congo-Brazzaville,2021-02-15,2021,2,7,Africa,8419,0,0.0,136.0,158.0,28.0,38.0,123,0,0.0,140.0,120.0,31.0,23.0,1277,0,0.0,126.0,69.0,23.0,20.0,7019,0,0.0,132.0,140.0,27.0,34.0
Costa Rica,2021-02-15,2021,2,7,Americas,200024,837,0.4202081461,59.0,46.0,13.0,10.0,2730,16,0.5895357406,68.0,47.0,16.0,14.0,33960,0,0.0,41.0,69.0,11.0,10.0,163334,2388,1.4837274614,53.0,26.0,12.0,8.0
Croatia,2021-02-15,2021,2,7,Europe,237725,68,0.028612664500000003,51.0,113.0,25.0,44.0,5339,21,0.39488529520000004,48.0,43.0,23.0,21.0,2002,0,0.0,115.0,69.0,46.0,23.0,230384,343,0.1491038554,41.0,70.0,18.0,27.0
Cruise Ship,2021-02-15,2021,2,7,Other,721,0,0.0,174.0,158.0,1.0,1.0,15,0,0.0,167.0,120.0,1.0,1.0,0,0,0.0,186.0,69.0,1.0,1.0,706,0,0.0,169.0,140.0,1.0,1.0
Cuba,2021-02-15,2021,2,7,Americas,39004,715,1.8673770535,104.0,58.0,20.0,13.0,269,3,1.1278195489,120.0,93.0,22.0,21.0,4959,103,2.1210873147,99.0,40.0,20.0,7.0,33776,609,1.8361624506,95.0,58.0,19.0,14.0
Cyprus,2021-02-15,2021,2,7,Europe,32626,113,0.3475532864,107.0,106.0,47.0,41.0,222,1,0.4524886878,126.0,107.0,48.0,43.0,30347,112,0.37043161900000005,44.0,37.0,24.0,17.0,2057,0,0.0,154.0,140.0,50.0,41.0
Czech Republic,2021-02-15,2021,2,7,Europe,1090860,2851,0.2620382736,20.0,20.0,10.0,9.0,18250,107,0.5897591358000001,24.0,14.0,12.0,7.0,103456,0,0.0,22.0,69.0,15.0,23.0,969154,2755,0.2850789374,16.0,23.0,7.0,10.0
Democratic Republic of Congo,2021-02-15,2021,2,7,Africa,24386,91,0.37456266720000003,116.0,109.0,17.0,20.0,693,0,0.0,98.0,120.0,10.0,23.0,8281,0,0.0,80.0,69.0,9.0,20.0,15412,114,0.7451954504,112.0,94.0,18.0,19.0
Denmark,2021-02-15,2021,2,7,Europe,205486,437,0.2131197909,58.0,71.0,29.0,29.0,2302,9,0.3924989097,70.0,65.0,35.0,31.0,5735,46,0.8085779575,94.0,46.0,40.0,18.0,197449,382,0.1938427032,47.0,68.0,22.0,26.0
Djibouti,2021-02-15,2021,2,7,Eastern Mediterranean,5980,9,0.1507285212,143.0,142.0,20.0,19.0,63,0,0.0,152.0,120.0,22.0,18.0,56,6,12.0,169.0,59.0,22.0,11.0,5861,3,0.0512120178,136.0,134.0,20.0,20.0
Dominica,2021-02-15,2021,2,7,Americas,134,13,10.7438016529,181.0,141.0,34.0,26.0,0,0,0.0,181.0,120.0,34.0,24.0,13,2,18.1818181818,176.0,64.0,33.0,9.0,121,11,10.0,177.0,125.0,33.0,25.0
Dominican Republic,2021-02-15,2021,2,7,Americas,230563,795,0.3460011838,55.0,52.0,12.0,12.0,2959,15,0.5095108696,65.0,48.0,14.0,15.0,49458,0,0.0,32.0,69.0,7.0,10.0,178146,1358,0.7681516845,50.0,33.0,11.0,10.0
East Timor,2021-02-15,2021,2,7,South-East Asia,102,0,0.0,182.0,158.0,11.0,10.0,0,0,0.0,181.0,120.0,11.0,8.0,40,0,0.0,172.0,69.0,10.0,4.0,62,0,0.0,178.0,140.0,11.0,9.0
Ecuador,2021-02-15,2021,2,7,Americas,267701,478,0.1788768182,47.0,67.0,10.0,16.0,15355,34,0.2219176294,26.0,32.0,9.0,9.0,21969,444,2.06271777,55.0,20.0,13.0,3.0,230377,0,0.0,42.0,140.0,9.0,28.0
Egypt,2021-02-15,2021,2,7,Eastern Mediterranean,174426,613,0.3526778779,63.0,62.0,11.0,10.0,10050,56,0.5603362017,34.0,25.0,4.0,2.0,29027,168,0.5821407533,45.0,33.0,4.0,6.0,135349,389,0.2882335507,61.0,66.0,13.0,12.0
El Salvador,2021-02-15,2021,2,7,Americas,58023,595,1.036079961,96.0,63.0,18.0,14.0,1750,8,0.45924225030000004,79.0,72.0,17.0,16.0,3585,0,0.0,105.0,69.0,21.0,10.0,52688,705,1.356212608,88.0,51.0,17.0,13.0
Equatorial Guinea,2021-02-15,2021,2,7,Africa,5694,0,0.0,145.0,158.0,31.0,38.0,87,0,0.0,143.0,120.0,32.0,23.0,181,0,0.0,162.0,69.0,44.0,20.0,5426,0,0.0,137.0,140.0,29.0,34.0
Eritrea,2021-02-15,2021,2,7,Africa,2566,137,5.6401811445,157.0,102.0,41.0,18.0,7,0,0.0,173.0,120.0,46.0,23.0,645,51,8.5858585859,141.0,44.0,30.0,10.0,1914,86,4.704595186,155.0,101.0,41.0,23.0
Estonia,2021-02-15,2021,2,7,Europe,52827,411,0.7841117216,99.0,74.0,45.0,30.0,501,6,1.2121212121,107.0,75.0,46.0,35.0,10865,271,2.5580517274,70.0,26.0,32.0,15.0,41461,134,0.3242432308,92.0,89.0,38.0,31.0
Eswatini,2021-02-15,2021,2,7,Africa,16576,41,0.2479588751,124.0,118.0,22.0,23.0,634,4,0.6349206349000001,99.0,90.0,11.0,13.0,3635,0,0.0,103.0,69.0,15.0,20.0,12307,55,0.448906301,121.0,104.0,24.0,24.0
Ethiopia,2021-02-15,2021,2,7,Africa,147825,733,0.4983275773,71.0,57.0,2.0,5.0,2209,15,0.6836827712,71.0,48.0,3.0,3.0,16670,514,3.1814805645,60.0,18.0,6.0,1.0,128946,204,0.1584564478,64.0,82.0,2.0,12.0
Fiji,2021-02-15,2021,2,7,Western Pacific,56,0,0.0,183.0,158.0,14.0,12.0,2,0,0.0,177.0,120.0,12.0,6.0,0,0,0.0,186.0,69.0,17.0,5.0,54,0,0.0,179.0,140.0,14.0,12.0
Finland,2021-02-15,2021,2,7,Europe,50662,343,0.6816510662,101.0,81.0,46.0,35.0,716,6,0.8450704225000001,97.0,75.0,42.0,35.0,9946,337,3.5071287335,74.0,24.0,34.0,14.0,40000,0,0.0,93.0,140.0,39.0,41.0
France,2021-02-15,2021,2,7,Europe,3528856,60972,1.758190297,6.0,1.0,3.0,1.0,82374,1413,1.7452847667,7.0,1.0,3.0,1.0,3197745,55784,1.7754517004,3.0,1.0,2.0,1.0,248737,3775,1.5410553474,39.0,19.0,17.0,8.0
Gabon,2021-02-15,2021,2,7,Africa,12865,288,2.2898942514,129.0,86.0,25.0,10.0,75,2,2.7397260274,150.0,100.0,38.0,17.0,1040,70,7.2164948454,130.0,42.0,26.0,9.0,11750,216,1.87272412,122.0,81.0,25.0,11.0
Gambia,2021-02-15,2021,2,7,Africa,4414,0,0.0,151.0,158.0,36.0,38.0,138,0,0.0,135.0,120.0,27.0,23.0,375,0,0.0,152.0,69.0,38.0,20.0,3901,0,0.0,143.0,140.0,34.0,34.0
Georgia,2021-02-15,2021,2,7,Europe,265722,165,0.062133553200000004,49.0,95.0,23.0,39.0,3363,11,0.3281622912,58.0,56.0,29.0,25.0,3627,0,0.0,104.0,69.0,42.0,23.0,258732,639,0.2475851728,37.0,56.0,15.0,21.0
Germany,2021-02-15,2021,2,7,Europe,2346876,5132,0.21915290480000002,10.0,13.0,7.0,8.0,65288,181,0.2780039013,10.0,11.0,6.0,6.0,133319,0,0.0,21.0,69.0,14.0,23.0,2148269,11336,0.5304798981000001,6.0,7.0,4.0,4.0
Ghana,2021-02-15,2021,2,7,Africa,76492,656,0.8650245266000001,89.0,61.0,6.0,6.0,542,9,1.6885553470999999,105.0,65.0,13.0,7.0,7850,0,0.0,83.0,69.0,10.0,20.0,68100,1013,1.5099795787999999,80.0,39.0,6.0,3.0
Greece,2021-02-15,2021,2,7,Europe,172824,696,0.40435025100000005,64.0,59.0,32.0,26.0,6152,26,0.4244205028,43.0,37.0,20.0,18.0,72908,670,0.9274896869,28.0,15.0,19.0,10.0,93764,0,0.0,72.0,140.0,29.0,41.0
Grenada,2021-02-15,2021,2,7,Americas,148,0,0.0,180.0,158.0,33.0,30.0,1,0,0.0,179.0,120.0,33.0,24.0,1,0,0.0,184.0,69.0,35.0,10.0,146,0,0.0,176.0,140.0,32.0,28.0
Guatemala,2021-02-15,2021,2,7,Americas,167383,104,0.062171581600000005,68.0,107.0,14.0,22.0,6150,26,0.4245591117,44.0,37.0,11.0,12.0,6787,0,0.0,87.0,69.0,16.0,10.0,154446,316,0.2050217349,58.0,74.0,13.0,17.0
Guinea,2021-02-15,2021,2,7,Africa,14967,0,0.0,125.0,158.0,23.0,38.0,85,0,0.0,144.0,120.0,33.0,23.0,380,0,0.0,150.0,69.0,36.0,20.0,14502,0,0.0,115.0,140.0,21.0,34.0
Guinea-Bissau,2021-02-15,2021,2,7,Africa,2924,0,0.0,156.0,158.0,40.0,38.0,46,0,0.0,157.0,120.0,41.0,23.0,414,0,0.0,146.0,69.0,33.0,20.0,2464,0,0.0,152.0,140.0,40.0,34.0
Guyana,2021-02-15,2021,2,7,Americas,8232,1,0.012149192100000001,139.0,154.0,26.0,29.0,186,0,0.0,127.0,120.0,24.0,24.0,647,0,0.0,140.0,69.0,27.0,10.0,7399,16,0.2167140729,130.0,121.0,24.0,24.0
Haiti,2021-02-15,2021,2,7,Americas,12143,0,0.0,131.0,158.0,23.0,30.0,247,0,0.0,122.0,120.0,23.0,24.0,2542,0,0.0,108.0,69.0,22.0,10.0,9354,0,0.0,127.0,140.0,22.0,28.0
Holy See,2021-02-15,2021,2,7,Europe,27,0,0.0,186.0,158.0,55.0,53.0,0,0,0.0,181.0,120.0,55.0,46.0,12,0,0.0,177.0,69.0,54.0,23.0,15,0,0.0,182.0,140.0,52.0,41.0
Honduras,2021-02-15,2021,2,7,Americas,160983,812,0.5069581884000001,69.0,50.0,15.0,11.0,3893,27,0.6983962752,55.0,35.0,13.0,11.0,93744,609,0.6538895152,24.0,16.0,5.0,2.0,63346,176,0.2786132658,82.0,85.0,16.0,18.0
Hungary,2021-02-15,2021,2,7,Europe,388799,1337,0.3450660968,38.0,31.0,20.0,14.0,13752,46,0.3356194367,28.0,27.0,15.0,14.0,77039,0,0.0,27.0,69.0,18.0,23.0,298008,1835,0.6195703187,34.0,30.0,13.0,12.0
Iceland,2021-02-15,2021,2,7,Europe,6039,6,0.09945300850000001,142.0,147.0,51.0,51.0,29,0,0.0,159.0,120.0,53.0,46.0,26,0,0.0,174.0,69.0,52.0,23.0,5984,6,0.1003680161,135.0,130.0,47.0,40.0
India,2021-02-15,2021,2,7,South-East Asia,10925710,9121,0.0835517395,2.0,7.0,1.0,1.0,155813,81,0.0520124316,4.0,20.0,1.0,2.0,136872,0,0.0,19.0,69.0,2.0,4.0,10633025,11805,0.111145424,1.0,5.0,1.0,1.0
Indonesia,2021-02-15,2021,2,7,South-East Asia,1223930,6462,0.5307737041,19.0,11.0,2.0,2.0,33367,184,0.5545007986,17.0,10.0,2.0,1.0,158498,0,0.0,17.0,69.0,1.0,4.0,1032065,6792,0.6624577064,15.0,11.0,2.0,2.0
Iran,2021-02-15,2021,2,7,Eastern Mediterranean,1526023,7760,0.5111103939,15.0,9.0,1.0,1.0,59028,83,0.1408092289,11.0,18.0,1.0,1.0,162665,1370,0.8493753681,16.0,9.0,1.0,2.0,1304330,6307,0.48589277690000005,12.0,14.0,1.0,1.0
Iraq,2021-02-15,2021,2,7,Eastern Mediterranean,646650,2798,0.4345719203,28.0,22.0,2.0,3.0,13185,6,0.0455269747,29.0,75.0,2.0,10.0,25287,1673,7.0847802151,48.0,7.0,6.0,1.0,608178,1119,0.18433134180000002,22.0,37.0,2.0,5.0
Ireland,2021-02-15,2021,2,7,Europe,210402,820,0.3912549742,57.0,48.0,28.0,22.0,3948,0,0.0,54.0,120.0,26.0,46.0,183090,820,0.4498820431,15.0,12.0,12.0,7.0,23364,0,0.0,102.0,140.0,40.0,41.0
Israel,2021-02-15,2021,2,7,Europe,730293,5913,0.8162842707,27.0,12.0,15.0,7.0,5414,26,0.4825538233,47.0,37.0,22.0,18.0,54628,0,0.0,29.0,69.0,20.0,23.0,670251,6519,0.9821735279,20.0,12.0,9.0,6.0
Italy,2021-02-15,2021,2,7,Europe,2729223,7344,0.2698136104,8.0,10.0,5.0,6.0,93835,258,0.2757087746,6.0,7.0,2.0,4.0,398098,0,0.0,10.0,69.0,8.0,23.0,2237290,11771,0.5289103351000001,5.0,6.0,3.0,3.0
Ivory Coast,2021-02-15,2021,2,7,Africa,31235,95,0.30507386000000003,110.0,108.0,14.0,19.0,175,1,0.5747126437,129.0,107.0,24.0,19.0,1614,0,0.0,122.0,69.0,21.0,20.0,29446,108,0.3681232531,99.0,97.0,12.0,21.0
Jamaica,2021-02-15,2021,2,7,Americas,19305,270,1.4184397163,120.0,90.0,21.0,20.0,378,4,1.0695187166,114.0,90.0,20.0,20.0,6292,224,3.6914963744,91.0,30.0,18.0,4.0,12635,42,0.3335186215,120.0,110.0,20.0,20.0
Japan,2021-02-15,2021,2,7,Western Pacific,417127,973,0.23380767700000002,37.0,40.0,2.0,3.0,7038,72,1.0335917313,41.0,22.0,2.0,1.0,25148,0,0.0,50.0,69.0,3.0,5.0,384941,2211,0.5776918454000001,28.0,27.0,2.0,2.0
Jordan,2021-02-15,2021,2,7,Eastern Mediterranean,349562,2312,0.6658027358,41.0,26.0,7.0,4.0,4473,18,0.404040404,51.0,44.0,8.0,6.0,16858,1162,7.4031600408,59.0,11.0,7.0,3.0,328231,1132,0.3460725958,31.0,36.0,7.0,4.0
Kazakhstan,2021-02-15,2021,2,7,Europe,251959,692,0.2754042513,50.0,60.0,24.0,27.0,3142,2,0.0636942675,62.0,100.0,32.0,41.0,22845,0,0.0,52.0,69.0,26.0,23.0,225972,1493,0.6650956214,44.0,31.0,20.0,13.0
Kenya,2021-02-15,2021,2,7,Africa,103014,147,0.1429029718,81.0,98.0,5.0,15.0,1795,0,0.0,77.0,120.0,4.0,23.0,15969,0,0.0,62.0,69.0,7.0,20.0,85250,242,0.284679089,74.0,79.0,4.0,10.0
Kosovo,2021-02-15,2021,2,7,Europe,64619,814,1.2757620876,94.0,49.0,43.0,23.0,1545,5,0.3246753247,81.0,87.0,38.0,38.0,7044,5,0.0710328172,85.0,60.0,38.0,21.0,56030,804,1.4558360193,87.0,45.0,36.0,19.0
Kuwait,2021-02-15,2021,2,7,Eastern Mediterranean,178524,823,0.46313751750000004,62.0,47.0,10.0,9.0,1009,6,0.5982053838,89.0,75.0,16.0,10.0,10724,45,0.42138777040000003,71.0,47.0,10.0,10.0,166791,772,0.4650070173,52.0,46.0,10.0,8.0
Kyrgyzstan,2021-02-15,2021,2,7,Europe,85516,41,0.0479672419,85.0,118.0,38.0,46.0,1442,0,0.0,85.0,120.0,40.0,46.0,1768,41,2.374059062,118.0,48.0,47.0,19.0,82306,0,0.0,75.0,140.0,31.0,41.0
Laos,2021-02-15,2021,2,7,Western Pacific,45,0,0.0,184.0,158.0,15.0,12.0,0,0,0.0,181.0,120.0,14.0,6.0,4,0,0.0,180.0,69.0,13.0,5.0,41,0,0.0,180.0,140.0,15.0,12.0
Latvia,2021-02-15,2021,2,7,Europe,76984,278,0.36242275700000004,88.0,88.0,40.0,37.0,1468,17,1.1716057891,84.0,45.0,39.0,22.0,10066,0,0.0,73.0,69.0,33.0,23.0,65450,404,0.6210989146,81.0,64.0,33.0,25.0
Lebanon,2021-02-15,2021,2,7,Eastern Mediterranean,340868,1739,0.5127842208,42.0,29.0,8.0,5.0,4037,44,1.1019283747,53.0,28.0,9.0,3.0,91738,0,0.0,25.0,69.0,2.0,12.0,245093,5800,2.4238067975,40.0,15.0,8.0,2.0
Lesotho,2021-02-15,2021,2,7,Africa,10254,289,2.9001505268,134.0,85.0,27.0,9.0,243,13,5.652173913,123.0,52.0,21.0,4.0,7021,226,3.3259749816,86.0,29.0,11.0,4.0,2990,50,1.7006802721,148.0,106.0,37.0,25.0
Liberia,2021-02-15,2021,2,7,Africa,1985,29,1.4826175869,165.0,128.0,42.0,25.0,85,1,1.1904761905,144.0,107.0,33.0,19.0,130,28,27.4509803922,165.0,51.0,45.0,12.0,1770,0,0.0,157.0,140.0,42.0,34.0
Libya,2021-02-15,2021,2,7,Eastern Mediterranean,127705,351,0.2756097178,77.0,80.0,15.0,11.0,2042,24,1.189296333,73.0,41.0,11.0,5.0,14698,0,0.0,63.0,69.0,8.0,12.0,110965,822,0.746302534,68.0,44.0,15.0,7.0
Liechtenstein,2021-02-15,2021,2,7,Europe,2540,1,0.0393855849,158.0,154.0,53.0,52.0,53,1,1.9230769231,156.0,107.0,52.0,43.0,17,0,0.0,175.0,69.0,53.0,23.0,2470,13,0.5291005291,151.0,123.0,49.0,39.0
Lithuania,2021-02-15,2021,2,7,Europe,190937,213,0.11167970470000001,60.0,92.0,30.0,38.0,3080,10,0.325732899,63.0,60.0,33.0,28.0,12823,0,0.0,69.0,69.0,31.0,23.0,175034,32721,22.9922775853,51.0,2.0,23.0,1.0
Luxembourg,2021-02-15,2021,2,7,Europe,52923,384,0.7308856278,98.0,75.0,44.0,31.0,611,5,0.8250825083000001,102.0,87.0,44.0,38.0,2537,0,0.0,109.0,69.0,43.0,23.0,49775,474,0.9614409444,89.0,62.0,37.0,23.0
Madagascar,2021-02-15,2021,2,7,Africa,19598,0,0.0,119.0,158.0,19.0,38.0,292,0,0.0,119.0,120.0,20.0,23.0,391,0,0.0,148.0,69.0,34.0,20.0,18915,0,0.0,106.0,140.0,15.0,34.0
Malawi,2021-02-15,2021,2,7,Africa,29181,146,0.5028413983,112.0,99.0,15.0,16.0,958,6,0.6302521008,93.0,75.0,8.0,10.0,14028,0,0.0,66.0,69.0,8.0,20.0,14195,588,4.3213052106,117.0,60.0,23.0,5.0
Malaysia,2021-02-15,2021,2,7,Western Pacific,266445,2176,0.8234034261000001,48.0,27.0,3.0,1.0,975,10,1.0362694301,91.0,60.0,5.0,2.0,47135,0,0.0,34.0,69.0,1.0,5.0,218335,4521,2.1144546194,45.0,18.0,3.0,1.0
Maldives,2021-02-15,2021,2,7,South-East Asia,17953,125,0.7011442674,121.0,103.0,8.0,6.0,58,0,0.0,155.0,120.0,8.0,8.0,2335,13,0.5598621878,111.0,54.0,6.0,2.0,15560,112,0.7250129467,111.0,95.0,8.0,8.0
Mali,2021-02-15,2021,2,7,Africa,8235,6,0.0729128691,138.0,147.0,29.0,35.0,342,0,0.0,115.0,120.0,18.0,23.0,1693,2,0.1182732111,121.0,64.0,20.0,19.0,6200,4,0.0645577792,134.0,133.0,28.0,31.0
Malta,2021-02-15,2021,2,7,Europe,19945,156,0.7883167416,118.0,96.0,48.0,40.0,295,2,0.6825938567000001,118.0,100.0,47.0,41.0,2340,0,0.0,110.0,69.0,44.0,23.0,17310,184,1.0743898167,109.0,84.0,42.0,30.0
Marshall Islands,2021-02-15,2021,2,7,Western Pacific,4,0,0.0,188.0,158.0,17.0,12.0,0,0,0.0,181.0,120.0,14.0,6.0,0,0,0.0,186.0,69.0,17.0,5.0,4,0,0.0,184.0,140.0,17.0,12.0
Mauritania,2021-02-15,2021,2,7,Africa,16996,22,0.12960999180000002,123.0,133.0,21.0,28.0,430,0,0.0,110.0,120.0,16.0,23.0,301,0,0.0,157.0,69.0,43.0,20.0,16265,25,0.1539408867,110.0,117.0,17.0,27.0
Mauritius,2021-02-15,2021,2,7,Africa,601,6,1.0084033613,175.0,147.0,46.0,35.0,10,0,0.0,168.0,120.0,44.0,23.0,37,0,0.0,173.0,69.0,47.0,20.0,554,8,1.4652014652,171.0,128.0,46.0,29.0
Mexico,2021-02-15,2021,2,7,Americas,1995892,3098,0.15546012280000002,13.0,19.0,5.0,7.0,174657,450,0.2583133858,3.0,5.0,3.0,3.0,265312,0,0.0,12.0,69.0,3.0,10.0,1555923,7749,0.5005251348,9.0,8.0,4.0,3.0
Micronesia,2021-02-15,2021,2,7,Western Pacific,1,0,0.0,190.0,158.0,19.0,12.0,0,0,0.0,181.0,120.0,14.0,6.0,0,0,0.0,186.0,69.0,17.0,5.0,1,0,0.0,186.0,140.0,19.0,12.0
Moldova,2021-02-15,2021,2,7,Europe,170549,363,0.2132960408,65.0,77.0,33.0,33.0,3661,10,0.2738975623,57.0,60.0,28.0,28.0,8883,0,0.0,78.0,69.0,36.0,23.0,158005,578,0.3671543001,56.0,61.0,26.0,22.0
Monaco,2021-02-15,2021,2,7,Europe,1774,14,0.7954545455,168.0,140.0,54.0,50.0,21,0,0.0,164.0,120.0,54.0,46.0,208,0,0.0,160.0,69.0,51.0,23.0,1545,15,0.9803921569,160.0,122.0,51.0,38.0
Mongolia,2021-02-15,2021,2,7,Western Pacific,2416,33,1.3848090642,160.0,126.0,8.0,6.0,2,0,0.0,177.0,120.0,12.0,6.0,654,0,0.0,139.0,69.0,8.0,5.0,1760,49,2.8638223261,158.0,107.0,9.0,5.0
Montenegro,2021-02-15,2021,2,7,Europe,69294,373,0.5411993442,92.0,76.0,41.0,32.0,899,9,1.0112359551,95.0,65.0,41.0,31.0,8591,0,0.0,79.0,69.0,37.0,23.0,59804,446,0.7513730247,84.0,63.0,34.0,24.0
Morocco,2021-02-15,2021,2,7,Eastern Mediterranean,478595,121,0.0252887304,34.0,105.0,4.0,15.0,8491,14,0.1651527663,37.0,51.0,5.0,7.0,10555,0,0.0,72.0,69.0,11.0,12.0,459549,697,0.1519008308,26.0,52.0,4.0,10.0
Mozambique,2021-02-15,2021,2,7,Africa,50691,426,0.8475082065,100.0,72.0,8.0,8.0,547,12,2.2429906542,104.0,54.0,12.0,5.0,18197,166,0.9206366813,57.0,34.0,5.0,6.0,31947,248,0.7823590650000001,96.0,78.0,9.0,9.0
Namibia,2021-02-15,2021,2,7,Africa,36225,273,0.7593457944,105.0,89.0,10.0,11.0,389,1,0.2577319588,113.0,107.0,17.0,19.0,1575,152,10.681658468,124.0,35.0,22.0,7.0,34261,120,0.3514835535,94.0,93.0,8.0,18.0
Nepal,2021-02-15,2021,2,7,South-East Asia,272840,122,0.0447348543,45.0,104.0,4.0,7.0,2055,1,0.0486854917,72.0,107.0,5.0,6.0,1581,0,0.0,123.0,69.0,8.0,4.0,269204,144,0.053519661,35.0,88.0,4.0,6.0
Netherlands,2021-02-15,2021,2,7,Europe,1046381,2840,0.27215030360000003,21.0,21.0,11.0,10.0,14963,27,0.1807712908,27.0,35.0,14.0,17.0,1017653,2776,0.273530684,5.0,5.0,4.0,4.0,13765,37,0.2695221445,118.0,114.0,43.0,36.0
New Zealand,2021-02-15,2021,2,7,Western Pacific,2337,1,0.042808219200000004,161.0,154.0,9.0,10.0,26,1,4.0,161.0,107.0,9.0,5.0,46,0,0.0,171.0,69.0,11.0,5.0,2265,1,0.0441696113,153.0,139.0,8.0,11.0
Nicaragua,2021-02-15,2021,2,7,Americas,6347,0,0.0,141.0,158.0,28.0,30.0,171,0,0.0,130.0,120.0,26.0,24.0,1951,0,0.0,116.0,69.0,23.0,10.0,4225,0,0.0,140.0,140.0,27.0,28.0
Niger,2021-02-15,2021,2,7,Africa,4702,7,0.1490947817,150.0,146.0,35.0,34.0,169,0,0.0,131.0,120.0,25.0,23.0,378,4,1.0695187166,151.0,62.0,37.0,18.0,4155,3,0.0722543353,141.0,134.0,32.0,32.0
Nigeria,2021-02-15,2021,2,7,Africa,146928,744,0.5089476276,72.0,55.0,3.0,4.0,1761,9,0.5136986301,78.0,65.0,5.0,7.0,22158,0,0.0,54.0,69.0,4.0,20.0,123009,2171,1.7966202685,66.0,28.0,3.0,2.0
North Macedonia,2021-02-15,2021,2,7,Europe,97101,49,0.050488398000000004,83.0,115.0,36.0,45.0,2998,9,0.30110404820000003,64.0,65.0,34.0,31.0,6143,0,0.0,92.0,69.0,39.0,23.0,87960,308,0.35138958610000004,73.0,75.0,30.0,29.0
Norway,2021-02-15,2021,2,7,Europe,66854,353,0.5308190854,93.0,79.0,42.0,34.0,593,1,0.1689189189,103.0,107.0,45.0,43.0,48263,352,0.7346955814,33.0,23.0,21.0,13.0,17998,0,0.0,108.0,140.0,41.0,41.0
Oman,2021-02-15,2021,2,7,Eastern Mediterranean,137592,286,0.20829388370000002,75.0,87.0,14.0,14.0,1543,1,0.0648508431,82.0,107.0,14.0,17.0,6758,48,0.7153502235,88.0,45.0,15.0,9.0,129291,237,0.183644056,63.0,80.0,14.0,16.0
Pakistan,2021-02-15,2021,2,7,Eastern Mediterranean,564077,0,0.0,30.0,158.0,3.0,20.0,12333,0,0.0,31.0,120.0,3.0,18.0,25747,0,0.0,47.0,69.0,5.0,12.0,525997,0,0.0,23.0,140.0,3.0,21.0
Panama,2021-02-15,2021,2,7,Americas,332679,500,0.1505212551,43.0,65.0,9.0,15.0,5642,6,0.10645848120000001,46.0,75.0,12.0,17.0,13254,0,0.0,67.0,69.0,15.0,10.0,313783,2000,0.6414717929,33.0,29.0,8.0,9.0
Papua New Guinea,2021-02-15,2021,2,7,Western Pacific,914,0,0.0,172.0,158.0,11.0,12.0,9,0,0.0,169.0,120.0,10.0,6.0,59,0,0.0,168.0,69.0,10.0,5.0,846,0,0.0,167.0,140.0,11.0,12.0
Paraguay,2021-02-15,2021,2,7,Americas,145095,1053,0.7310367809,73.0,39.0,16.0,9.0,2953,17,0.5790190736,66.0,45.0,15.0,13.0,20600,105,0.5123200781,56.0,38.0,14.0,6.0,121542,931,0.7719030603,67.0,42.0,15.0,12.0
Peru,2021-02-15,2021,2,7,Americas,1238501,3203,0.25928966130000003,18.0,17.0,6.0,6.0,43880,177,0.40500652130000003,15.0,13.0,6.0,5.0,45254,0,0.0,36.0,69.0,9.0,10.0,1149367,11955,1.0510703246,14.0,4.0,5.0,2.0
Philippines,2021-02-15,2021,2,7,Western Pacific,550860,1684,0.30664122250000003,31.0,30.0,1.0,2.0,11517,2,0.0173686496,32.0,100.0,1.0,4.0,27588,1670,6.4433984104,46.0,8.0,2.0,1.0,511755,12,0.002344927,24.0,124.0,1.0,7.0
Poland,2021-02-15,2021,2,7,Europe,1591497,2542,0.1599793575,14.0,23.0,8.0,11.0,40832,25,0.061263998800000004,16.0,40.0,7.0,20.0,202995,0,0.0,14.0,69.0,11.0,23.0,1347670,5639,0.4201840345,11.0,16.0,5.0,7.0
Portugal,2021-02-15,2021,2,7,Europe,787059,1303,0.16582755970000002,23.0,34.0,12.0,17.0,15411,90,0.587429019,25.0,17.0,13.0,9.0,102794,0,0.0,23.0,69.0,16.0,23.0,668854,3538,0.531777381,21.0,20.0,10.0,9.0
Qatar,2021-02-15,2021,2,7,Eastern Mediterranean,158132,888,0.56472743,70.0,41.0,13.0,6.0,255,0,0.0,121.0,120.0,20.0,18.0,9200,525,6.0518731988,76.0,17.0,13.0,4.0,148677,363,0.24475100130000002,60.0,69.0,12.0,13.0
Romania,2021-02-15,2021,2,7,Europe,763294,1331,0.1746803979,25.0,32.0,13.0,15.0,19445,79,0.4079314262,23.0,21.0,11.0,10.0,34329,0,0.0,40.0,69.0,23.0,23.0,709520,1369,0.19332035120000002,19.0,32.0,8.0,14.0
Russia,2021-02-15,2021,2,7,Europe,4040505,13999,0.3476711571,5.0,5.0,2.0,3.0,79210,385,0.4884237234,8.0,6.0,4.0,3.0,394106,0,0.0,11.0,69.0,9.0,23.0,3567189,13863,0.39014151810000003,3.0,3.0,1.0,2.0
Rwanda,2021-02-15,2021,2,7,Africa,17484,141,0.8130081301000001,122.0,101.0,20.0,17.0,239,0,0.0,124.0,120.0,22.0,23.0,2120,0,0.0,113.0,69.0,17.0,20.0,15125,333,2.251216874,113.0,73.0,19.0,7.0
Saint Kitts and Nevis,2021-02-15,2021,2,7,Americas,41,0,0.0,185.0,158.0,35.0,30.0,0,0,0.0,181.0,120.0,34.0,24.0,2,0,0.0,183.0,69.0,34.0,10.0,39,0,0.0,181.0,140.0,34.0,28.0
Saint Lucia,2021-02-15,2021,2,7,Americas,2519,0,0.0,159.0,158.0,29.0,30.0,23,0,0.0,163.0,120.0,30.0,24.0,718,0,0.0,137.0,69.0,26.0,10.0,1778,0,0.0,156.0,140.0,28.0,28.0
Saint Vincent and the Grenadines,2021-02-15,2021,2,7,Americas,1453,35,2.4682651622,170.0,124.0,31.0,23.0,6,0,0.0,174.0,120.0,32.0,24.0,848,0,0.0,135.0,69.0,25.0,10.0,599,45,8.1227436823,170.0,108.0,30.0,19.0
Samoa,2021-02-15,2021,2,7,Western Pacific,3,1,50.0,189.0,154.0,18.0,10.0,0,0,0.0,181.0,120.0,14.0,6.0,1,1,0.0,184.0,68.0,16.0,4.0,2,0,0.0,185.0,140.0,18.0,12.0
San Marino,2021-02-15,2021,2,7,Europe,3317,39,1.1897498475,155.0,121.0,52.0,47.0,72,0,0.0,151.0,120.0,51.0,46.0,252,2,0.8,158.0,64.0,50.0,22.0,2993,37,1.2516914749999999,147.0,114.0,48.0,36.0
Sao Tome and Principe,2021-02-15,2021,2,7,Africa,1482,0,0.0,169.0,158.0,45.0,38.0,19,0,0.0,166.0,120.0,43.0,23.0,357,0,0.0,153.0,69.0,39.0,20.0,1106,0,0.0,164.0,140.0,44.0,34.0
Saudi Arabia,2021-02-15,2021,2,7,Eastern Mediterranean,373046,314,0.084242834,39.0,82.0,5.0,12.0,6438,5,0.07772423440000001,42.0,87.0,7.0,12.0,2682,0,0.0,107.0,69.0,19.0,12.0,363926,341,0.0937882476,29.0,71.0,5.0,14.0
Senegal,2021-02-15,2021,2,7,Africa,31275,268,0.8643209598,109.0,91.0,13.0,12.0,754,6,0.8021390374,96.0,75.0,9.0,10.0,4886,10,0.20508613620000002,100.0,55.0,13.0,14.0,25635,252,0.9927904503,101.0,77.0,13.0,8.0
Serbia,2021-02-15,2021,2,7,Europe,422210,1331,0.3162429107,36.0,32.0,19.0,15.0,4245,15,0.3546099291,52.0,48.0,25.0,23.0,417965,1316,0.3158533922,9.0,10.0,7.0,6.0,0,0,0.0,188.0,140.0,53.0,41.0
Seychelles,2021-02-15,2021,2,7,Africa,1910,18,0.9513742072,166.0,137.0,43.0,31.0,8,0,0.0,172.0,120.0,45.0,23.0,416,0,0.0,145.0,69.0,32.0,20.0,1486,132,9.7488921713,162.0,92.0,43.0,17.0
Sierra Leone,2021-02-15,2021,2,7,Africa,3823,2,0.0523423188,152.0,152.0,37.0,37.0,79,0,0.0,148.0,120.0,36.0,23.0,1166,0,0.0,128.0,69.0,24.0,20.0,2578,19,0.7424775303000001,150.0,120.0,39.0,28.0
Singapore,2021-02-15,2021,2,7,Western Pacific,59809,9,0.0150501672,95.0,142.0,6.0,8.0,29,0,0.0,159.0,120.0,8.0,6.0,139,0,0.0,164.0,69.0,9.0,5.0,59641,20,0.0335452274,85.0,119.0,6.0,6.0
Slovakia,2021-02-15,2021,2,7,Europe,278254,572,0.2059910257,44.0,64.0,21.0,28.0,5952,67,1.1384876805,45.0,24.0,21.0,12.0,17002,505,3.0611626356,58.0,19.0,27.0,11.0,255300,0,0.0,38.0,140.0,16.0,41.0
Slovenia,2021-02-15,2021,2,7,Europe,179780,303,0.1688238604,61.0,84.0,31.0,36.0,3728,11,0.2959375841,56.0,56.0,27.0,25.0,12890,0,0.0,68.0,69.0,30.0,23.0,163162,338,0.2075861052,54.0,72.0,24.0,28.0
Solomon Islands,2021-02-15,2021,2,7,Western Pacific,18,0,0.0,187.0,158.0,16.0,12.0,0,0,0.0,181.0,120.0,14.0,6.0,4,0,0.0,180.0,69.0,13.0,5.0,14,0,0.0,183.0,140.0,16.0,12.0
Somalia,2021-02-15,2021,2,7,Eastern Mediterranean,5273,90,1.7364460737,147.0,110.0,21.0,16.0,154,2,1.3157894737,133.0,100.0,21.0,16.0,1369,77,5.959752322,125.0,41.0,20.0,8.0,3750,11,0.2941963092,145.0,125.0,21.0,19.0
South Africa,2021-02-15,2021,2,7,Africa,1492909,1102,0.0738701454,16.0,36.0,1.0,1.0,48094,195,0.4071066202,14.0,9.0,1.0,1.0,53660,0,0.0,30.0,69.0,1.0,20.0,1391155,2834,0.2041314653,10.0,22.0,1.0,1.0
South Korea,2021-02-15,2021,2,7,Western Pacific,84325,456,0.5437050638,86.0,68.0,5.0,4.0,1534,7,0.4584151932,83.0,74.0,4.0,3.0,8240,0,0.0,81.0,69.0,4.0,5.0,74551,757,1.0258286582,78.0,48.0,5.0,3.0
South Sudan,2021-02-15,2021,2,7,Africa,5562,149,2.7526325513,146.0,97.0,32.0,14.0,77,3,4.0540540541,149.0,93.0,37.0,15.0,1716,146,9.2993630573,120.0,36.0,19.0,8.0,3769,0,0.0,144.0,140.0,35.0,34.0
Spain,2021-02-15,2021,2,7,Europe,3086286,30251,0.9898774065,7.0,4.0,4.0,2.0,65449,702,1.0842201183,9.0,3.0,5.0,2.0,2870461,29549,1.0401237349,4.0,3.0,3.0,2.0,150376,0,0.0,59.0,140.0,27.0,41.0
Sri Lanka,2021-02-15,2021,2,7,South-East Asia,76428,774,1.0230787533,90.0,54.0,6.0,3.0,403,6,1.5113350126,112.0,75.0,6.0,4.0,6614,53,0.8078036885000001,90.0,43.0,5.0,1.0,69411,715,1.0408175148,79.0,50.0,6.0,4.0
Sudan,2021-02-15,2021,2,7,Eastern Mediterranean,29933,0,0.0,111.0,158.0,18.0,20.0,1858,9,0.48674959440000004,75.0,65.0,13.0,9.0,5590,0,0.0,95.0,69.0,16.0,12.0,22485,277,1.2472982709,104.0,76.0,18.0,15.0
Suriname,2021-02-15,2021,2,7,Americas,8811,8,0.0908781097,135.0,144.0,24.0,27.0,167,1,0.6024096386000001,132.0,107.0,27.0,22.0,402,0,0.0,147.0,69.0,29.0,10.0,8242,28,0.34088142200000005,129.0,116.0,23.0,22.0
Sweden,2021-02-15,2021,2,7,Europe,608411,0,0.0,29.0,158.0,16.0,53.0,12428,0,0.0,30.0,120.0,16.0,46.0,595983,0,0.0,8.0,69.0,6.0,23.0,0,0,0.0,188.0,140.0,53.0,41.0
Switzerland,2021-02-15,2021,2,7,Europe,543207,2480,0.4586417915,32.0,25.0,17.0,13.0,9776,11,0.1126472094,35.0,56.0,17.0,25.0,215831,2469,1.1571882528,13.0,6.0,10.0,5.0,317600,0,0.0,32.0,140.0,12.0,41.0
Syria,2021-02-15,2021,2,7,Eastern Mediterranean,14906,43,0.2893090224,126.0,116.0,19.0,17.0,981,3,0.3067484663,90.0,93.0,17.0,13.0,5171,0,0.0,97.0,69.0,17.0,12.0,8754,75,0.8641548566,128.0,102.0,19.0,17.0
Taiwan,2021-02-15,2021,2,7,South-East Asia,937,0,0.0,171.0,158.0,9.0,10.0,9,0,0.0,169.0,120.0,9.0,8.0,69,0,0.0,167.0,69.0,9.0,4.0,859,0,0.0,165.0,140.0,9.0,9.0
Tajikistan,2021-02-15,2021,2,7,Europe,13308,0,0.0,128.0,158.0,49.0,53.0,90,0,0.0,142.0,120.0,50.0,46.0,0,0,0.0,186.0,69.0,55.0,23.0,13218,0,0.0,119.0,140.0,44.0,41.0
Tanzania,2021-02-15,2021,2,7,Africa,509,0,0.0,176.0,158.0,47.0,38.0,21,0,0.0,164.0,120.0,42.0,23.0,305,0,0.0,156.0,69.0,42.0,20.0,183,0,0.0,174.0,140.0,47.0,34.0
Thailand,2021-02-15,2021,2,7,South-East Asia,24714,143,0.5819868951,115.0,100.0,7.0,5.0,82,2,2.5,146.0,100.0,7.0,5.0,1749,0,0.0,119.0,69.0,7.0,4.0,22883,772,3.4914748315,103.0,46.0,7.0,3.0
Togo,2021-02-15,2021,2,7,Africa,5882,8,0.13619339460000002,144.0,144.0,30.0,33.0,81,0,0.0,147.0,120.0,35.0,23.0,794,5,0.6337135615,136.0,60.0,29.0,17.0,5007,3,0.059952038400000005,138.0,134.0,30.0,32.0
Trinidad and Tobago,2021-02-15,2021,2,7,Americas,7646,4,0.0523423188,140.0,151.0,27.0,28.0,138,0,0.0,135.0,120.0,28.0,24.0,157,0,0.0,163.0,69.0,32.0,10.0,7351,5,0.06806425270000001,131.0,132.0,25.0,27.0
Tunisia,2021-02-15,2021,2,7,Eastern Mediterranean,223549,305,0.1366218129,56.0,83.0,9.0,13.0,7575,31,0.4109225875,40.0,34.0,6.0,4.0,32444,0,0.0,42.0,69.0,3.0,12.0,183530,1109,0.6079343935,48.0,38.0,9.0,6.0
Turkey,2021-02-15,2021,2,7,Europe,2594128,7945,0.3072095053,9.0,8.0,6.0,5.0,27562,91,0.331258418,18.0,15.0,8.0,8.0,84131,748,0.8970653491,26.0,14.0,17.0,9.0,2482435,7106,0.2870729507,4.0,9.0,2.0,5.0
US,2021-02-15,2021,2,7,Americas,27694165,53883,0.1949437419,1.0,2.0,1.0,1.0,486325,941,0.1938671238,1.0,2.0,1.0,1.0,27207840,52942,0.1949629861,1.0,2.0,1.0,1.0,0,0,0.0,188.0,140.0,35.0,28.0
Uganda,2021-02-15,2021,2,7,Africa,40055,36,0.0899572703,103.0,122.0,9.0,24.0,328,0,0.0,116.0,120.0,19.0,23.0,25207,36,0.14302173140000002,49.0,49.0,3.0,11.0,14520,0,0.0,114.0,140.0,20.0,34.0
Ukraine,2021-02-15,2021,2,7,Europe,1319060,2540,0.1929328837,17.0,24.0,9.0,12.0,25702,71,0.2770083102,19.0,23.0,9.0,11.0,136732,0,0.0,20.0,69.0,13.0,23.0,1156626,2550,0.22095598560000002,13.0,25.0,6.0,11.0
United Arab Emirates,2021-02-15,2021,2,7,Eastern Mediterranean,351895,3123,0.8954273852,40.0,18.0,6.0,2.0,1027,13,1.2820512821,88.0,52.0,15.0,8.0,14137,0,0.0,64.0,69.0,9.0,12.0,336731,4892,1.4742088784,30.0,17.0,6.0,3.0
United Kingdom,2021-02-15,2021,2,7,Europe,4059696,9776,0.2413874842,4.0,6.0,1.0,4.0,117622,235,0.2001925256,5.0,8.0,1.0,5.0,3931115,9496,0.2421448896,2.0,4.0,1.0,3.0,10959,45,0.41231445850000004,125.0,108.0,45.0,35.0
Uruguay,2021-02-15,2021,2,7,Americas,49360,451,0.9221206731,102.0,69.0,19.0,17.0,541,6,1.1214953271,106.0,75.0,19.0,17.0,5333,0,0.0,96.0,69.0,19.0,10.0,43486,597,1.3919653057999999,91.0,59.0,18.0,15.0
Uzbekistan,2021-02-15,2021,2,7,Europe,79442,26,0.0327389947,87.0,129.0,39.0,49.0,622,0,0.0,100.0,120.0,43.0,46.0,892,26,3.0023094688,134.0,52.0,48.0,20.0,77928,0,0.0,76.0,140.0,32.0,41.0
Vanuatu,2021-02-15,2021,2,7,Western Pacific,1,0,0.0,190.0,158.0,19.0,12.0,0,0,0.0,181.0,120.0,14.0,6.0,0,0,0.0,186.0,69.0,17.0,5.0,1,0,0.0,186.0,140.0,19.0,12.0
Venezuela,2021-02-15,2021,2,7,Americas,133577,359,0.2694831029,76.0,78.0,17.0,19.0,1285,6,0.4691164973,87.0,75.0,18.0,17.0,6727,0,0.0,89.0,69.0,17.0,10.0,125565,386,0.3083584307,65.0,67.0,14.0,16.0
Vietnam,2021-02-15,2021,2,7,Western Pacific,2269,41,1.8402154399000001,162.0,118.0,10.0,5.0,35,0,0.0,158.0,120.0,7.0,6.0,693,32,4.8411497731,138.0,50.0,7.0,2.0,1541,9,0.5874673629,161.0,127.0,10.0,8.0
West Bank and Gaza,2021-02-15,2021,2,7,Eastern Mediterranean,168444,840,0.5011813561,67.0,45.0,12.0,8.0,1936,3,0.1551991723,74.0,93.0,12.0,13.0,9303,104,1.1305576693,75.0,39.0,12.0,7.0,157205,733,0.46845442,57.0,49.0,11.0,9.0
Yemen,2021-02-15,2021,2,7,Eastern Mediterranean,2145,0,0.0,164.0,158.0,22.0,20.0,617,0,0.0,101.0,120.0,18.0,18.0,98,0,0.0,166.0,69.0,21.0,12.0,1430,0,0.0,163.0,140.0,22.0,21.0
Zambia,2021-02-15,2021,2,7,Africa,70248,811,1.1679652059,91.0,51.0,7.0,3.0,959,8,0.8412197687,92.0,72.0,7.0,9.0,6027,411,7.3183760684,93.0,21.0,12.0,2.0,63262,392,0.6235088277,83.0,65.0,7.0,6.0
Zimbabwe,2021-02-15,2021,2,7,Africa,35222,50,0.1421585352,106.0,114.0,11.0,21.0,1410,10,0.7142857143,86.0,60.0,6.0,6.0,3053,0,0.0,106.0,69.0,16.0,20.0,30759,158,0.516322996,97.0,87.0,10.0,15.0
