Country/Region,Date,date_modified,year,month,week,region,Confirmed,Confirmed_new_cases,Confirmed_daily_%inc_by_country,Confirmed_rank_in_world,Confirmed_new_cases_rank_in_world,Confirmed_rank_in_region,Confirmed_new_cases_rank_in_region,Deaths,Deaths_new_cases,Deaths_daily_%inc_by_country,Deaths_rank_in_world,Deaths_new_cases_rank_in_world,Deaths_rank_in_region,Deaths_new_cases_rank_in_region,Active,Active_new_cases,Active_daily_%inc_by_country,Active_rank_in_world,Active_new_cases_rank_in_world,Active_rank_in_region,Active_new_cases_rank_in_region,Recovered,Recovered_new_cases,Recovered_daily_%inc_by_country,Recovered_rank_in_world,Recovered_new_cases_rank_in_world,Recovered_rank_in_region,Recovered_new_cases_rank_in_region
Afghanistan,2021-02-19,"February 19th, 2021",2021,Feb,7,Eastern Mediterranean,55575,18,0.0323991576,98.0,133.0,17.0,17.0,2430,0,0.0,69.0,110.0,10.0,16.0,4342,13,0.3003003003,102.0,66.0,18.0,7.0,48803,5,0.0102463216,90.0,129.0,17.0,17.0
Albania,2021-02-19,"February 19th, 2021",2021,Feb,7,Europe,97909,1071,1.1059707966,84.0,44.0,37.0,23.0,1636,19,1.1750154607,80.0,45.0,37.0,22.0,34668,122,0.3531523186,39.0,40.0,23.0,22.0,61605,930,1.5327564895,85.0,42.0,35.0,18.0
Algeria,2021-02-19,"February 19th, 2021",2021,Feb,7,Africa,111600,182,0.16334883050000001,80.0,100.0,4.0,14.0,2954,4,0.1355932203,67.0,87.0,2.0,11.0,31849,21,0.0659796406,42.0,64.0,2.0,13.0,76797,157,0.20485386220000001,78.0,85.0,5.0,13.0
Andorra,2021-02-19,"February 19th, 2021",2021,Feb,7,Europe,10645,35,0.3298774741,133.0,117.0,50.0,48.0,107,0,0.0,141.0,110.0,49.0,45.0,392,-10,-2.4875621891,148.0,132.0,49.0,38.0,10146,45,0.4455004455,126.0,107.0,46.0,36.0
Angola,2021-02-19,"February 19th, 2021",2021,Feb,7,Africa,20478,26,0.1271269314,119.0,125.0,18.0,27.0,498,0,0.0,109.0,110.0,15.0,19.0,989,7,0.7128309572,131.0,77.0,27.0,20.0,18991,19,0.1001475859,106.0,119.0,15.0,27.0
Antigua and Barbuda,2021-02-19,"February 19th, 2021",2021,Feb,7,Americas,548,0,0.0,176.0,156.0,32.0,26.0,10,0,0.0,168.0,110.0,31.0,23.0,324,0,0.0,154.0,89.0,29.0,15.0,214,0,0.0,173.0,136.0,31.0,25.0
Argentina,2021-02-19,"February 19th, 2021",2021,Feb,7,Americas,2054681,7886,0.3852852875,12.0,14.0,4.0,4.0,51000,143,0.2811805651,13.0,16.0,5.0,6.0,148036,1549,1.0574317175,18.0,16.0,4.0,4.0,1855645,6194,0.3349101977,8.0,13.0,3.0,4.0
Armenia,2021-02-19,"February 19th, 2021",2021,Feb,7,Europe,170011,191,0.1124720292,68.0,99.0,34.0,43.0,3158,2,0.0633713561,61.0,102.0,31.0,42.0,5063,-24,-0.4717908394,98.0,145.0,41.0,42.0,161790,213,0.13182569300000002,55.0,79.0,25.0,29.0
Australia,2021-02-19,"February 19th, 2021",2021,Feb,7,Western Pacific,28920,2,0.0069161076000000005,113.0,151.0,7.0,9.0,909,0,0.0,95.0,110.0,6.0,5.0,5132,-3,-0.058422590100000005,97.0,125.0,5.0,14.0,22879,5,0.0218588791,103.0,129.0,7.0,9.0
Austria,2021-02-19,"February 19th, 2021",2021,Feb,7,Europe,441659,1818,0.41333118100000005,35.0,36.0,18.0,19.0,8348,36,0.4331087584,38.0,34.0,19.0,17.0,15657,559,3.7024771493,62.0,26.0,28.0,15.0,417654,1223,0.2936861089,27.0,34.0,11.0,14.0
Azerbaijan,2021-02-19,"February 19th, 2021",2021,Feb,7,Europe,232829,193,0.0829622242,55.0,97.0,27.0,42.0,3193,3,0.0940438871,60.0,95.0,30.0,39.0,2164,-11,-0.5057471264,115.0,133.0,46.0,39.0,227472,201,0.0884406721,45.0,80.0,20.0,30.0
Bahamas,2021-02-19,"February 19th, 2021",2021,Feb,7,Americas,8403,0,0.0,137.0,156.0,25.0,26.0,179,0,0.0,129.0,110.0,25.0,23.0,1076,0,0.0,129.0,89.0,24.0,15.0,7148,0,0.0,132.0,136.0,26.0,25.0
Bahrain,2021-02-19,"February 19th, 2021",2021,Feb,7,Eastern Mediterranean,116482,777,0.6715353701,79.0,58.0,16.0,8.0,418,4,0.9661835749000001,112.0,87.0,19.0,13.0,7711,69,0.9029049987000001,82.0,50.0,14.0,5.0,108353,704,0.653977278,70.0,52.0,16.0,12.0
Bangladesh,2021-02-19,"February 19th, 2021",2021,Feb,7,South-East Asia,542674,406,0.0748707281,33.0,83.0,3.0,4.0,8337,8,0.09604994600000001,39.0,68.0,3.0,3.0,43869,-138,-0.3135864749,36.0,160.0,3.0,9.0,490468,536,0.1094029376,25.0,61.0,3.0,4.0
Barbados,2021-02-19,"February 19th, 2021",2021,Feb,7,Americas,2677,30,1.1333585191,158.0,122.0,29.0,22.0,30,1,3.4482758621,159.0,106.0,29.0,22.0,789,-22,-2.7127003699000003,135.0,142.0,25.0,25.0,1858,51,2.8223574986,157.0,105.0,29.0,20.0
Belarus,2021-02-19,"February 19th, 2021",2021,Feb,7,Europe,275322,1663,0.6076905930000001,46.0,37.0,22.0,20.0,1894,9,0.4774535809,75.0,66.0,36.0,29.0,8452,46,0.5472281704,79.0,55.0,36.0,27.0,264976,1608,0.6105525349,36.0,27.0,14.0,11.0
Belgium,2021-02-19,"February 19th, 2021",2021,Feb,7,Europe,749739,3437,0.4605374232,26.0,23.0,14.0,12.0,21859,38,0.174144173,20.0,32.0,10.0,16.0,727880,3399,0.4691634425,7.0,9.0,5.0,6.0,0,0,0.0,188.0,136.0,53.0,40.0
Belize,2021-02-19,"February 19th, 2021",2021,Feb,7,Americas,12227,20,0.1638404194,130.0,129.0,22.0,23.0,314,0,0.0,117.0,110.0,21.0,23.0,172,4,2.380952381,162.0,82.0,31.0,13.0,11741,16,0.13646055440000002,123.0,121.0,21.0,23.0
Benin,2021-02-19,"February 19th, 2021",2021,Feb,7,Africa,5143,0,0.0,148.0,156.0,33.0,39.0,65,0,0.0,152.0,110.0,39.0,19.0,959,0,0.0,132.0,89.0,28.0,24.0,4119,0,0.0,142.0,136.0,33.0,36.0
Bhutan,2021-02-19,"February 19th, 2021",2021,Feb,7,South-East Asia,866,0,0.0,173.0,156.0,10.0,10.0,1,0,0.0,179.0,110.0,10.0,7.0,8,0,0.0,178.0,89.0,11.0,4.0,857,0,0.0,166.0,136.0,10.0,10.0
Bolivia,2021-02-19,"February 19th, 2021",2021,Feb,7,Americas,240676,1152,0.48095389190000004,51.0,43.0,11.0,10.0,11390,37,0.3259050471,33.0,33.0,10.0,9.0,45453,-184,-0.40318162890000003,34.0,164.0,9.0,30.0,183833,1299,0.7116482409,49.0,32.0,10.0,9.0
Bosnia and Herzegovina,2021-02-19,"February 19th, 2021",2021,Feb,7,Europe,127537,402,0.31619931570000004,78.0,84.0,35.0,36.0,4979,17,0.34260378880000003,49.0,48.0,24.0,24.0,10567,-854,-7.4774538132,73.0,182.0,34.0,51.0,111991,1239,1.1187156891,69.0,33.0,28.0,13.0
Botswana,2021-02-19,"February 19th, 2021",2021,Feb,7,Africa,26524,0,0.0,114.0,156.0,16.0,39.0,254,0,0.0,123.0,110.0,22.0,19.0,3907,0,0.0,103.0,89.0,14.0,24.0,22363,0,0.0,105.0,136.0,14.0,36.0
Brazil,2021-02-19,"February 19th, 2021",2021,Feb,7,Americas,10084208,53582,0.5341840081,3.0,2.0,2.0,2.0,244737,1280,0.5257601958,2.0,2.0,2.0,2.0,850853,24439,2.9572345096,6.0,2.0,2.0,2.0,8988618,27863,0.3109447809,2.0,1.0,1.0,1.0
Brunei,2021-02-19,"February 19th, 2021",2021,Feb,7,Western Pacific,185,0,0.0,179.0,156.0,13.0,11.0,3,0,0.0,175.0,110.0,11.0,5.0,4,0,0.0,180.0,89.0,13.0,4.0,178,0,0.0,175.0,136.0,13.0,11.0
Bulgaria,2021-02-19,"February 19th, 2021",2021,Feb,7,Europe,235891,1463,0.6240722098,53.0,38.0,26.0,21.0,9821,35,0.3576537911,36.0,36.0,18.0,18.0,26092,1082,4.3262694922,49.0,21.0,26.0,12.0,199978,346,0.1733189068,46.0,68.0,21.0,25.0
Burkina Faso,2021-02-19,"February 19th, 2021",2021,Feb,7,Africa,11763,60,0.5126890541,132.0,113.0,26.0,21.0,139,0,0.0,137.0,110.0,29.0,19.0,494,24,5.1063829787,144.0,62.0,33.0,12.0,11130,36,0.3244997296,125.0,110.0,26.0,23.0
Burma,2021-02-19,"February 19th, 2021",2021,Feb,7,South-East Asia,141728,19,0.0134077582,74.0,131.0,5.0,8.0,3194,3,0.0940144155,59.0,95.0,4.0,4.0,7325,-22,-0.2994419491,85.0,142.0,4.0,8.0,131209,38,0.028969818,62.0,109.0,5.0,8.0
Burundi,2021-02-19,"February 19th, 2021",2021,Feb,7,Africa,1955,27,1.4004149378,167.0,124.0,44.0,26.0,3,0,0.0,175.0,110.0,47.0,19.0,1179,27,2.34375,127.0,59.0,25.0,10.0,773,0,0.0,168.0,136.0,45.0,36.0
Cambodia,2021-02-19,"February 19th, 2021",2021,Feb,7,Western Pacific,484,0,0.0,178.0,156.0,12.0,11.0,0,0,0.0,181.0,110.0,14.0,5.0,14,0,0.0,175.0,89.0,12.0,4.0,470,0,0.0,172.0,136.0,12.0,11.0
Cameroon,2021-02-19,"February 19th, 2021",2021,Feb,7,Africa,33749,0,0.0,107.0,156.0,12.0,39.0,523,0,0.0,107.0,110.0,14.0,19.0,1864,0,0.0,117.0,89.0,18.0,24.0,31362,0,0.0,98.0,136.0,11.0,36.0
Canada,2021-02-19,"February 19th, 2021",2021,Feb,7,Americas,845673,3083,0.3658956313,22.0,26.0,7.0,8.0,21581,72,0.3347435957,21.0,25.0,7.0,8.0,31637,-336,-1.0508866856,43.0,173.0,10.0,32.0,792455,3347,0.42414979950000004,17.0,22.0,6.0,6.0
Cape Verde,2021-02-19,"February 19th, 2021",2021,Feb,7,Africa,14948,63,0.4232448774,127.0,111.0,24.0,19.0,142,0,0.0,135.0,110.0,27.0,19.0,336,-14,-4.0,152.0,136.0,39.0,37.0,14470,77,0.5349822831000001,117.0,96.0,23.0,18.0
Central African Republic,2021-02-19,"February 19th, 2021",2021,Feb,7,Africa,5001,4,0.0800480288,149.0,147.0,34.0,36.0,63,0,0.0,153.0,110.0,40.0,19.0,18,-8,-30.7692307692,174.0,130.0,47.0,35.0,4920,12,0.24449877750000001,139.0,126.0,31.0,31.0
Chad,2021-02-19,"February 19th, 2021",2021,Feb,7,Africa,3776,25,0.6664889363000001,153.0,126.0,38.0,28.0,132,0,0.0,139.0,110.0,30.0,19.0,398,12,3.1088082902,147.0,68.0,36.0,15.0,3246,13,0.4021033096,147.0,125.0,37.0,30.0
Chile,2021-02-19,"February 19th, 2021",2021,Feb,7,Americas,791939,3797,0.4817659762,24.0,22.0,8.0,7.0,19897,99,0.5000505102,22.0,20.0,8.0,7.0,23122,1092,4.9568769859,53.0,20.0,13.0,6.0,748920,2606,0.3491827837,18.0,23.0,7.0,7.0
China,2021-02-19,"February 19th, 2021",2021,Feb,7,Western Pacific,100705,21,0.0208573358,82.0,128.0,4.0,6.0,4833,0,0.0,50.0,110.0,3.0,5.0,762,-55,-6.7319461444,136.0,151.0,6.0,17.0,95110,76,0.0799713787,71.0,98.0,4.0,5.0
Colombia,2021-02-19,"February 19th, 2021",2021,Feb,7,Americas,2217001,4476,0.20230279880000002,11.0,19.0,3.0,6.0,58511,177,0.30342510370000003,12.0,12.0,4.0,5.0,47928,-818,-1.6780864071,32.0,181.0,8.0,35.0,2110562,5117,0.24303650770000002,7.0,16.0,2.0,5.0
Comoros,2021-02-19,"February 19th, 2021",2021,Feb,7,Africa,3473,15,0.4337767496,154.0,135.0,39.0,30.0,142,4,2.8985507246,135.0,87.0,27.0,11.0,272,-18,-6.2068965517,158.0,140.0,43.0,38.0,3059,29,0.9570957096,149.0,113.0,38.0,25.0
Congo-Brazzaville,2021-02-19,"February 19th, 2021",2021,Feb,7,Africa,8419,0,0.0,136.0,156.0,28.0,39.0,123,0,0.0,140.0,110.0,31.0,19.0,1277,0,0.0,125.0,89.0,23.0,24.0,7019,0,0.0,133.0,136.0,27.0,36.0
Costa Rica,2021-02-19,"February 19th, 2021",2021,Feb,7,Americas,201678,437,0.21715256830000002,59.0,81.0,13.0,18.0,2763,7,0.2539912917,68.0,71.0,16.0,17.0,29862,-316,-1.0471204188,46.0,172.0,11.0,31.0,169053,746,0.443237655,53.0,49.0,12.0,13.0
Croatia,2021-02-19,"February 19th, 2021",2021,Feb,7,Europe,239254,388,0.1624341681,52.0,85.0,25.0,37.0,5407,8,0.1481755881,48.0,68.0,23.0,30.0,2313,22,0.9602793540000001,112.0,63.0,45.0,29.0,231534,358,0.1548603661,42.0,66.0,18.0,24.0
Cruise Ship,2021-02-19,"February 19th, 2021",2021,Feb,7,Other,721,0,0.0,174.0,156.0,1.0,1.0,15,0,0.0,167.0,110.0,1.0,1.0,0,0,0.0,186.0,89.0,1.0,1.0,706,0,0.0,170.0,136.0,1.0,1.0
Cuba,2021-02-19,"February 19th, 2021",2021,Feb,7,Americas,42547,859,2.060545001,103.0,54.0,20.0,13.0,287,5,1.7730496454,120.0,80.0,22.0,19.0,5054,-100,-1.9402405898000001,99.0,156.0,20.0,29.0,37206,954,2.6315789474,94.0,41.0,19.0,11.0
Cyprus,2021-02-19,"February 19th, 2021",2021,Feb,7,Europe,33046,111,0.3370274784,108.0,107.0,47.0,46.0,229,1,0.4385964912,126.0,106.0,48.0,43.0,30760,110,0.3588907015,45.0,43.0,24.0,24.0,2057,0,0.0,155.0,136.0,50.0,40.0
Czech Republic,2021-02-19,"February 19th, 2021",2021,Feb,7,Europe,1134957,11705,1.0420635797,20.0,7.0,10.0,4.0,18913,174,0.9285447463000001,24.0,13.0,12.0,7.0,112305,3778,3.48116137,22.0,7.0,15.0,5.0,1003739,7753,0.7784245963,16.0,7.0,7.0,4.0
Democratic Republic of Congo,2021-02-19,"February 19th, 2021",2021,Feb,7,Africa,24964,170,0.6856497540000001,116.0,101.0,17.0,15.0,695,0,0.0,98.0,110.0,10.0,19.0,8533,91,1.0779436153,78.0,47.0,9.0,5.0,15736,79,0.5045666475,114.0,95.0,20.0,17.0
Denmark,2021-02-19,"February 19th, 2021",2021,Feb,7,Europe,207305,552,0.2669852433,58.0,71.0,29.0,32.0,2328,8,0.34482758620000004,70.0,68.0,35.0,30.0,5674,104,1.8671454219,94.0,45.0,40.0,25.0,199303,440,0.2212578509,47.0,63.0,22.0,23.0
Djibouti,2021-02-19,"February 19th, 2021",2021,Feb,7,Eastern Mediterranean,6022,14,0.23302263650000002,145.0,137.0,20.0,18.0,63,0,0.0,153.0,110.0,22.0,16.0,88,12,15.7894736842,167.0,68.0,22.0,9.0,5871,2,0.034077355600000005,136.0,133.0,20.0,18.0
Dominica,2021-02-19,"February 19th, 2021",2021,Feb,7,Americas,134,0,0.0,181.0,156.0,34.0,26.0,0,0,0.0,181.0,110.0,34.0,23.0,13,0,0.0,176.0,89.0,33.0,15.0,121,0,0.0,177.0,136.0,33.0,25.0
Dominican Republic,2021-02-19,"February 19th, 2021",2021,Feb,7,Americas,233598,818,0.35140475990000003,54.0,56.0,12.0,14.0,3024,17,0.5653475224,66.0,48.0,15.0,13.0,47971,-400,-0.8269417626000001,31.0,175.0,7.0,33.0,182603,1201,0.6620654679,50.0,35.0,11.0,10.0
East Timor,2021-02-19,"February 19th, 2021",2021,Feb,7,South-East Asia,103,0,0.0,182.0,156.0,11.0,10.0,0,0,0.0,181.0,110.0,11.0,7.0,22,0,0.0,173.0,89.0,10.0,4.0,81,0,0.0,178.0,136.0,11.0,10.0
Ecuador,2021-02-19,"February 19th, 2021",2021,Feb,7,Americas,271276,1416,0.5247165197,48.0,40.0,10.0,9.0,15474,30,0.1942501943,26.0,39.0,9.0,11.0,25425,1386,5.7656308499,50.0,18.0,12.0,5.0,230377,0,0.0,44.0,136.0,9.0,25.0
Egypt,2021-02-19,"February 19th, 2021",2021,Feb,7,Eastern Mediterranean,176943,610,0.3459363817,64.0,68.0,11.0,10.0,10250,49,0.4803450642,34.0,31.0,4.0,3.0,29804,162,0.5465218271,47.0,37.0,5.0,4.0,136889,399,0.29232910840000004,61.0,65.0,13.0,13.0
El Salvador,2021-02-19,"February 19th, 2021",2021,Feb,7,Americas,58546,0,0.0,96.0,156.0,18.0,26.0,1785,9,0.5067567568,79.0,66.0,17.0,16.0,3376,-9,-0.2658788774,105.0,131.0,21.0,24.0,53385,0,0.0,88.0,136.0,17.0,25.0
Equatorial Guinea,2021-02-19,"February 19th, 2021",2021,Feb,7,Africa,5747,0,0.0,146.0,156.0,32.0,39.0,88,0,0.0,143.0,110.0,32.0,19.0,188,0,0.0,160.0,89.0,44.0,24.0,5471,0,0.0,137.0,136.0,29.0,36.0
Eritrea,2021-02-19,"February 19th, 2021",2021,Feb,7,Africa,2685,10,0.37383177570000004,157.0,144.0,41.0,34.0,7,0,0.0,173.0,110.0,46.0,19.0,628,10,1.6181229773,140.0,72.0,30.0,18.0,2050,0,0.0,156.0,136.0,41.0,36.0
Estonia,2021-02-19,"February 19th, 2021",2021,Feb,7,Europe,56246,951,1.7198661723000002,97.0,49.0,44.0,26.0,518,4,0.7782101167000001,108.0,87.0,46.0,38.0,11480,362,3.2559812916,68.0,30.0,31.0,18.0,44248,585,1.3398071594,92.0,57.0,38.0,21.0
Eswatini,2021-02-19,"February 19th, 2021",2021,Feb,7,Africa,16742,33,0.1974983542,124.0,119.0,22.0,23.0,644,4,0.625,99.0,87.0,11.0,11.0,3329,-129,-3.7304800463000003,106.0,158.0,15.0,41.0,12769,158,1.2528744747,121.0,84.0,24.0,12.0
Ethiopia,2021-02-19,"February 19th, 2021",2021,Feb,7,Africa,151016,837,0.5573349137,71.0,55.0,2.0,2.0,2259,10,0.44464206310000004,71.0,62.0,3.0,5.0,18191,660,3.7647595688,60.0,25.0,6.0,1.0,130566,167,0.1280684668,63.0,82.0,2.0,11.0
Fiji,2021-02-19,"February 19th, 2021",2021,Feb,7,Western Pacific,56,0,0.0,183.0,156.0,14.0,11.0,2,0,0.0,177.0,110.0,12.0,5.0,0,0,0.0,186.0,89.0,17.0,4.0,54,0,0.0,179.0,136.0,14.0,11.0
Finland,2021-02-19,"February 19th, 2021",2021,Feb,7,Europe,52653,444,0.8504280871000001,101.0,79.0,46.0,34.0,725,0,0.0,97.0,110.0,42.0,45.0,11928,444,3.8662486938000002,66.0,29.0,29.0,17.0,40000,0,0.0,93.0,136.0,39.0,40.0
France,2021-02-19,"February 19th, 2021",2021,Feb,7,Europe,3596167,11,0.0003058822,6.0,143.0,3.0,50.0,83543,1,0.0011970027,7.0,106.0,3.0,43.0,3259287,10,0.0003068165,3.0,72.0,2.0,30.0,253337,0,0.0,40.0,136.0,17.0,40.0
Gabon,2021-02-19,"February 19th, 2021",2021,Feb,7,Africa,13553,446,3.402761883,128.0,77.0,25.0,7.0,75,0,0.0,150.0,110.0,38.0,19.0,1216,139,12.9062209842,126.0,39.0,24.0,3.0,12262,307,2.5679631953,122.0,73.0,25.0,8.0
Gambia,2021-02-19,"February 19th, 2021",2021,Feb,7,Africa,4543,33,0.7317073171,151.0,119.0,36.0,23.0,143,4,2.8776978417,134.0,87.0,26.0,11.0,467,19,4.2410714286,146.0,65.0,35.0,14.0,3933,10,0.254906959,144.0,127.0,35.0,32.0
Georgia,2021-02-19,"February 19th, 2021",2021,Feb,7,Europe,267701,388,0.14514819710000001,49.0,85.0,23.0,37.0,3406,7,0.2059429244,58.0,71.0,29.0,32.0,3698,50,1.3706140351,104.0,52.0,42.0,26.0,260597,331,0.1271775799,37.0,70.0,15.0,26.0
Germany,2021-02-19,"February 19th, 2021",2021,Feb,7,Europe,2381259,9050,0.3815009554,10.0,11.0,7.0,6.0,67741,496,0.7376013086000001,9.0,5.0,5.0,2.0,122310,-284,-0.2316589719,21.0,171.0,14.0,49.0,2191208,8838,0.4049725757,6.0,6.0,4.0,3.0
Ghana,2021-02-19,"February 19th, 2021",2021,Feb,7,Africa,79165,476,0.604913012,89.0,73.0,6.0,6.0,568,0,0.0,105.0,110.0,13.0,19.0,7572,-201,-2.5858741799000002,83.0,165.0,10.0,43.0,71025,677,0.9623585603,80.0,55.0,6.0,5.0
Greece,2021-02-19,"February 19th, 2021",2021,Feb,7,Europe,177494,1435,0.8150676762,63.0,39.0,32.0,22.0,6249,28,0.4500884102,44.0,40.0,21.0,19.0,77481,1407,1.8495149460000002,28.0,17.0,19.0,11.0,93764,0,0.0,72.0,136.0,29.0,40.0
Grenada,2021-02-19,"February 19th, 2021",2021,Feb,7,Americas,148,0,0.0,180.0,156.0,33.0,26.0,1,0,0.0,179.0,110.0,33.0,23.0,1,0,0.0,184.0,89.0,35.0,15.0,146,0,0.0,176.0,136.0,32.0,25.0
Guatemala,2021-02-19,"February 19th, 2021",2021,Feb,7,Americas,170275,665,0.39207593890000003,67.0,65.0,14.0,16.0,6220,34,0.5496281927000001,45.0,38.0,11.0,10.0,6857,50,0.7345379756,89.0,52.0,17.0,12.0,157198,581,0.3709686688,58.0,59.0,13.0,14.0
Guinea,2021-02-19,"February 19th, 2021",2021,Feb,7,Africa,15216,62,0.40913290220000004,125.0,112.0,23.0,20.0,86,1,1.1764705882,144.0,106.0,33.0,18.0,482,27,5.9340659341,145.0,59.0,34.0,10.0,14648,34,0.23265361980000002,115.0,112.0,21.0,24.0
Guinea-Bissau,2021-02-19,"February 19th, 2021",2021,Feb,7,Africa,3064,39,1.2892561983,156.0,116.0,40.0,22.0,46,0,0.0,157.0,110.0,41.0,19.0,526,34,6.9105691057000005,141.0,57.0,31.0,9.0,2492,5,0.20104543630000002,151.0,129.0,40.0,34.0
Guyana,2021-02-19,"February 19th, 2021",2021,Feb,7,Americas,8357,19,0.22787239150000002,138.0,131.0,26.0,24.0,189,0,0.0,127.0,110.0,24.0,23.0,514,-6,-1.1538461538,143.0,128.0,27.0,23.0,7654,25,0.32769694590000004,130.0,115.0,24.0,22.0
Haiti,2021-02-19,"February 19th, 2021",2021,Feb,7,Americas,12206,0,0.0,131.0,156.0,23.0,26.0,247,0,0.0,124.0,110.0,23.0,23.0,2519,-77,-2.9661016949,109.0,154.0,22.0,27.0,9440,77,0.8223859874,127.0,96.0,22.0,19.0
Holy See,2021-02-19,"February 19th, 2021",2021,Feb,7,Europe,27,0,0.0,186.0,156.0,55.0,54.0,0,0,0.0,181.0,110.0,55.0,45.0,12,0,0.0,177.0,89.0,53.0,36.0,15,0,0.0,182.0,136.0,52.0,40.0
Honduras,2021-02-19,"February 19th, 2021",2021,Feb,7,Americas,164077,772,0.4727350663,69.0,59.0,15.0,15.0,3975,10,0.2522068096,55.0,62.0,13.0,15.0,95934,515,0.5397247928000001,23.0,28.0,5.0,7.0,64168,247,0.38641448040000004,83.0,76.0,16.0,17.0
Hungary,2021-02-19,"February 19th, 2021",2021,Feb,7,Europe,397116,3093,0.784979557,38.0,25.0,20.0,13.0,14145,110,0.7837548985,28.0,18.0,15.0,9.0,80282,1657,2.1074721781,27.0,15.0,18.0,10.0,302689,1326,0.4400009291,34.0,31.0,13.0,12.0
Iceland,2021-02-19,"February 19th, 2021",2021,Feb,7,Europe,6045,1,0.0165453342,144.0,153.0,51.0,52.0,29,0,0.0,160.0,110.0,53.0,45.0,27,1,3.8461538462,172.0,86.0,52.0,34.0,5989,0,0.0,135.0,136.0,47.0,40.0
India,2021-02-19,"February 19th, 2021",2021,Feb,7,South-East Asia,10977387,13993,0.1276338331,2.0,4.0,1.0,1.0,156212,101,0.0646975549,4.0,19.0,1.0,2.0,143127,3585,2.5691189749000003,19.0,8.0,2.0,1.0,10678048,10307,0.0966183937,1.0,5.0,1.0,2.0
Indonesia,2021-02-19,"February 19th, 2021",2021,Feb,7,South-East Asia,1263299,10614,0.8472999996,18.0,9.0,2.0,2.0,34152,183,0.5387264859,17.0,10.0,2.0,1.0,160142,-352,-0.21932284070000002,17.0,174.0,1.0,11.0,1069005,10783,1.0189733345,15.0,4.0,2.0,1.0
Iran,2021-02-19,"February 19th, 2021",2021,Feb,7,Eastern Mediterranean,1558159,8017,0.5171784262,15.0,13.0,1.0,1.0,59341,77,0.1299271058,11.0,24.0,1.0,1.0,167656,1009,0.6054714456,16.0,23.0,1.0,2.0,1331162,6931,0.5233981080000001,12.0,9.0,1.0,1.0
Iraq,2021-02-19,"February 19th, 2021",2021,Feb,7,Eastern Mediterranean,661477,4024,0.6120589609,28.0,21.0,2.0,2.0,13232,12,0.0907715582,29.0,58.0,2.0,10.0,33716,2210,7.0145369136,40.0,13.0,3.0,1.0,614529,1802,0.2940950864,22.0,26.0,2.0,4.0
Ireland,2021-02-19,"February 19th, 2021",2021,Feb,7,Europe,213400,753,0.3541079818,57.0,60.0,28.0,30.0,4109,27,0.6614404704,54.0,41.0,26.0,20.0,185927,726,0.3920065226,15.0,24.0,12.0,14.0,23364,0,0.0,102.0,136.0,40.0,40.0
Israel,2021-02-19,"February 19th, 2021",2021,Feb,7,Europe,744513,2579,0.347605043,27.0,30.0,15.0,16.0,5526,17,0.3085859503,47.0,48.0,22.0,24.0,45484,-2757,-5.7150556581,33.0,190.0,21.0,54.0,693503,5319,0.7729037583,20.0,15.0,9.0,8.0
Italy,2021-02-19,"February 19th, 2021",2021,Feb,7,Europe,2780882,15470,0.5594103157,8.0,3.0,5.0,1.0,95235,348,0.3667520314,6.0,8.0,2.0,5.0,382448,-2053,-0.5339387934000001,10.0,187.0,8.0,52.0,2303199,17175,0.7513044482,5.0,3.0,3.0,2.0
Ivory Coast,2021-02-19,"February 19th, 2021",2021,Feb,7,Africa,31825,213,0.6737947615000001,110.0,96.0,14.0,12.0,185,2,1.0928961749,128.0,102.0,24.0,15.0,1584,92,6.1662198391,122.0,46.0,21.0,4.0,30056,119,0.3975014196,99.0,90.0,12.0,16.0
Jamaica,2021-02-19,"February 19th, 2021",2021,Feb,7,Americas,20581,271,1.3343180699000001,117.0,93.0,21.0,20.0,391,7,1.8229166667,114.0,71.0,20.0,17.0,7362,217,3.0370888733,84.0,33.0,16.0,8.0,12828,47,0.36773335420000003,120.0,106.0,20.0,21.0
Japan,2021-02-19,"February 19th, 2021",2021,Feb,7,Western Pacific,422718,1297,0.3077682413,37.0,42.0,2.0,3.0,7360,66,0.9048533041,41.0,27.0,2.0,2.0,20022,-767,-3.6894511521,58.0,180.0,3.0,19.0,395336,1998,0.5079600750000001,28.0,25.0,2.0,2.0
Jordan,2021-02-19,"February 19th, 2021",2021,Feb,7,Eastern Mediterranean,357611,867,0.2430314175,41.0,53.0,7.0,7.0,4528,16,0.3546099291,51.0,52.0,8.0,8.0,20191,-14,-0.0692897798,57.0,136.0,7.0,14.0,332892,865,0.2605209817,31.0,45.0,7.0,8.0
Kazakhstan,2021-02-19,"February 19th, 2021",2021,Feb,7,Europe,255584,872,0.3423474355,50.0,52.0,24.0,28.0,3148,3,0.0953895072,62.0,95.0,32.0,39.0,21490,-226,-1.0407073126,56.0,166.0,27.0,48.0,230946,1095,0.47639557800000004,43.0,38.0,19.0,16.0
Kenya,2021-02-19,"February 19th, 2021",2021,Feb,7,Africa,103841,226,0.2181151378,81.0,94.0,5.0,11.0,1813,6,0.33204205870000003,77.0,77.0,4.0,8.0,16516,165,1.0091125925,61.0,36.0,7.0,2.0,85512,55,0.06435985350000001,74.0,104.0,4.0,22.0
Kosovo,2021-02-19,"February 19th, 2021",2021,Feb,7,Europe,65450,285,0.4373513389,94.0,90.0,43.0,39.0,1558,5,0.32195750160000003,81.0,80.0,38.0,36.0,6916,-39,-0.5607476636000001,86.0,149.0,38.0,44.0,56976,319,0.563037224,87.0,71.0,36.0,27.0
Kuwait,2021-02-19,"February 19th, 2021",2021,Feb,7,Eastern Mediterranean,182460,976,0.5377884552000001,62.0,48.0,10.0,6.0,1034,7,0.6815968841000001,90.0,71.0,16.0,11.0,11100,49,0.4433987874,70.0,54.0,10.0,6.0,170326,920,0.5430740352,52.0,44.0,10.0,7.0
Kyrgyzstan,2021-02-19,"February 19th, 2021",2021,Feb,7,Europe,85831,142,0.1657155528,86.0,104.0,38.0,45.0,1452,5,0.3455425017,85.0,80.0,40.0,36.0,1689,-28,-1.6307513104,120.0,146.0,47.0,43.0,82690,165,0.1999394123,75.0,83.0,31.0,32.0
Laos,2021-02-19,"February 19th, 2021",2021,Feb,7,Western Pacific,45,0,0.0,184.0,156.0,15.0,11.0,0,0,0.0,181.0,110.0,14.0,5.0,4,0,0.0,180.0,89.0,13.0,4.0,41,0,0.0,180.0,136.0,15.0,11.0
Latvia,2021-02-19,"February 19th, 2021",2021,Feb,7,Europe,80040,689,0.8682940354,87.0,63.0,39.0,31.0,1533,12,0.7889546351000001,84.0,58.0,39.0,28.0,9540,-171,-1.7608897127,76.0,162.0,35.0,47.0,68967,848,1.244880283,81.0,46.0,33.0,19.0
Lebanon,2021-02-19,"February 19th, 2021",2021,Feb,7,Eastern Mediterranean,351065,2255,0.6464837591,42.0,32.0,8.0,4.0,4257,51,1.212553495,53.0,28.0,9.0,2.0,86418,-2077,-2.3470252557,25.0,188.0,2.0,22.0,260390,4281,1.6715539087,38.0,20.0,8.0,3.0
Lesotho,2021-02-19,"February 19th, 2021",2021,Feb,7,Africa,10455,0,0.0,134.0,156.0,27.0,39.0,285,0,0.0,121.0,110.0,21.0,19.0,6910,0,0.0,87.0,89.0,11.0,24.0,3260,0,0.0,146.0,136.0,36.0,36.0
Liberia,2021-02-19,"February 19th, 2021",2021,Feb,7,Africa,1988,3,0.1511335013,166.0,149.0,43.0,38.0,85,0,0.0,145.0,110.0,34.0,19.0,47,-59,-55.6603773585,169.0,153.0,45.0,40.0,1856,62,3.4559643255,158.0,99.0,42.0,19.0
Libya,2021-02-19,"February 19th, 2021",2021,Feb,7,Eastern Mediterranean,129325,585,0.4544042256,77.0,69.0,15.0,11.0,2088,27,1.3100436681,72.0,41.0,11.0,6.0,12932,-183,-1.3953488372,64.0,163.0,8.0,17.0,114305,741,0.6524955091,68.0,51.0,15.0,11.0
Liechtenstein,2021-02-19,"February 19th, 2021",2021,Feb,7,Europe,2543,1,0.0393391031,161.0,153.0,53.0,52.0,54,0,0.0,156.0,110.0,52.0,45.0,5,1,25.0,179.0,86.0,54.0,34.0,2484,0,0.0,152.0,136.0,49.0,40.0
Lithuania,2021-02-19,"February 19th, 2021",2021,Feb,7,Europe,192986,793,0.4126060783,60.0,57.0,30.0,29.0,3145,16,0.5113454778000001,63.0,52.0,33.0,26.0,11715,-424,-3.4928742071,67.0,177.0,30.0,50.0,178126,1201,0.6788187085,51.0,35.0,23.0,15.0
Luxembourg,2021-02-19,"February 19th, 2021",2021,Feb,7,Europe,53782,220,0.4107389567,100.0,95.0,45.0,41.0,622,3,0.48465266560000003,100.0,95.0,43.0,39.0,2774,29,1.0564663024,107.0,58.0,43.0,28.0,50386,188,0.374516913,89.0,81.0,37.0,31.0
Madagascar,2021-02-19,"February 19th, 2021",2021,Feb,7,Africa,19598,0,0.0,120.0,156.0,19.0,39.0,292,0,0.0,119.0,110.0,20.0,19.0,391,0,0.0,149.0,89.0,37.0,24.0,18915,0,0.0,107.0,136.0,16.0,36.0
Malawi,2021-02-19,"February 19th, 2021",2021,Feb,7,Africa,30277,440,1.4746790897,111.0,80.0,15.0,8.0,997,13,1.3211382114,92.0,56.0,8.0,2.0,13029,-256,-1.9269853218000002,63.0,170.0,8.0,45.0,16251,683,4.3872045221,112.0,54.0,19.0,4.0
Malaysia,2021-02-19,"February 19th, 2021",2021,Feb,7,Western Pacific,277811,2936,1.0681218736,45.0,27.0,3.0,1.0,1043,13,1.2621359223,89.0,56.0,5.0,3.0,36797,-1966,-5.0718468643,37.0,186.0,1.0,20.0,239971,4889,2.0796998494,41.0,17.0,3.0,1.0
Maldives,2021-02-19,"February 19th, 2021",2021,Feb,7,South-East Asia,18467,127,0.6924754635,121.0,106.0,8.0,6.0,58,0,0.0,155.0,110.0,8.0,7.0,2444,25,1.0334849111,110.0,61.0,6.0,3.0,15965,102,0.6430057366,113.0,92.0,8.0,6.0
Mali,2021-02-19,"February 19th, 2021",2021,Feb,7,Africa,8260,4,0.0484496124,139.0,147.0,29.0,36.0,344,2,0.5847953216,115.0,102.0,18.0,15.0,1654,-13,-0.7798440312,121.0,134.0,20.0,36.0,6262,15,0.2401152553,134.0,122.0,28.0,28.0
Malta,2021-02-19,"February 19th, 2021",2021,Feb,7,Europe,20563,154,0.7545690627,118.0,103.0,48.0,44.0,301,0,0.0,118.0,110.0,47.0,45.0,2435,6,0.2470152326,111.0,78.0,44.0,32.0,17827,148,0.8371514226000001,109.0,87.0,42.0,33.0
Marshall Islands,2021-02-19,"February 19th, 2021",2021,Feb,7,Western Pacific,4,0,0.0,188.0,156.0,17.0,11.0,0,0,0.0,181.0,110.0,14.0,5.0,0,0,0.0,186.0,89.0,17.0,4.0,4,0,0.0,184.0,136.0,17.0,11.0
Mauritania,2021-02-19,"February 19th, 2021",2021,Feb,7,Africa,17071,13,0.0762105757,123.0,140.0,21.0,32.0,433,0,0.0,110.0,110.0,16.0,19.0,277,-2,-0.7168458781,157.0,124.0,42.0,33.0,16361,15,0.0917655696,111.0,122.0,18.0,28.0
Mauritius,2021-02-19,"February 19th, 2021",2021,Feb,7,Africa,603,0,0.0,175.0,156.0,46.0,39.0,10,0,0.0,168.0,110.0,44.0,19.0,37,0,0.0,171.0,89.0,46.0,24.0,556,0,0.0,171.0,136.0,46.0,36.0
Mexico,2021-02-19,"February 19th, 2021",2021,Feb,7,Americas,2030491,7829,0.3870641758,13.0,15.0,5.0,5.0,178965,857,0.4811687291,3.0,3.0,3.0,3.0,266822,106,0.0397426476,12.0,44.0,3.0,11.0,1584704,6866,0.4351524047,9.0,10.0,4.0,2.0
Micronesia,2021-02-19,"February 19th, 2021",2021,Feb,7,Western Pacific,1,0,0.0,190.0,156.0,19.0,11.0,0,0,0.0,181.0,110.0,14.0,5.0,0,0,0.0,186.0,89.0,17.0,4.0,1,0,0.0,186.0,136.0,19.0,11.0
Moldova,2021-02-19,"February 19th, 2021",2021,Feb,7,Europe,175183,1028,0.5902787747,65.0,46.0,33.0,24.0,3739,22,0.5918751681000001,57.0,43.0,28.0,21.0,10825,318,3.0265537261,72.0,31.0,33.0,19.0,160619,688,0.4301855175,56.0,53.0,26.0,20.0
Monaco,2021-02-19,"February 19th, 2021",2021,Feb,7,Europe,1844,9,0.49046321530000003,168.0,145.0,54.0,51.0,22,0,0.0,164.0,110.0,54.0,45.0,188,-15,-7.3891625616,160.0,138.0,51.0,40.0,1634,24,1.4906832298000001,161.0,116.0,51.0,39.0
Mongolia,2021-02-19,"February 19th, 2021",2021,Feb,7,Western Pacific,2586,35,1.3720109761,160.0,117.0,8.0,5.0,2,0,0.0,177.0,110.0,12.0,5.0,738,8,1.095890411,137.0,76.0,7.0,2.0,1846,27,1.4843320506,159.0,114.0,9.0,6.0
Montenegro,2021-02-19,"February 19th, 2021",2021,Feb,7,Europe,71112,454,0.6425316312,92.0,75.0,41.0,33.0,932,6,0.6479481641,94.0,77.0,41.0,35.0,8399,6,0.07148814490000001,80.0,78.0,37.0,32.0,61781,442,0.7205855981,84.0,62.0,34.0,22.0
Morocco,2021-02-19,"February 19th, 2021",2021,Feb,7,Eastern Mediterranean,480504,448,0.0933224457,34.0,76.0,4.0,14.0,8540,16,0.18770530270000002,37.0,52.0,5.0,8.0,8693,-403,-4.4305189094,77.0,176.0,13.0,19.0,463271,835,0.1805655269,26.0,47.0,4.0,9.0
Mozambique,2021-02-19,"February 19th, 2021",2021,Feb,7,Africa,54204,677,1.2647822594,99.0,64.0,8.0,4.0,583,12,2.1015761821,104.0,58.0,12.0,3.0,19232,80,0.41771094400000003,59.0,48.0,5.0,6.0,34389,585,1.7305644302,96.0,57.0,9.0,6.0
Namibia,2021-02-19,"February 19th, 2021",2021,Feb,7,Africa,36993,313,0.8533260632,105.0,89.0,10.0,9.0,399,5,1.269035533,113.0,80.0,17.0,10.0,1707,-3,-0.17543859650000002,118.0,125.0,19.0,34.0,34887,311,0.899467839,95.0,72.0,8.0,7.0
Nepal,2021-02-19,"February 19th, 2021",2021,Feb,7,South-East Asia,273263,97,0.0355095436,47.0,108.0,4.0,7.0,2061,3,0.14577259480000002,73.0,95.0,5.0,4.0,1583,-20,-1.2476606363,123.0,141.0,7.0,7.0,269619,114,0.042299771800000004,35.0,91.0,4.0,5.0
Netherlands,2021-02-19,"February 19th, 2021",2021,Feb,7,Europe,1061903,4787,0.4528358288,21.0,18.0,11.0,10.0,15261,50,0.3287094866,27.0,30.0,14.0,15.0,1032668,4676,0.45486735310000004,5.0,5.0,4.0,3.0,13974,61,0.4384388701,118.0,100.0,43.0,35.0
New Zealand,2021-02-19,"February 19th, 2021",2021,Feb,7,Western Pacific,2350,2,0.08517887560000001,163.0,151.0,10.0,9.0,26,0,0.0,162.0,110.0,9.0,5.0,51,1,2.0,168.0,86.0,11.0,3.0,2273,1,0.0440140845,154.0,135.0,8.0,10.0
Nicaragua,2021-02-19,"February 19th, 2021",2021,Feb,7,Americas,6398,0,0.0,141.0,156.0,28.0,26.0,172,0,0.0,131.0,110.0,26.0,23.0,2001,0,0.0,116.0,89.0,23.0,15.0,4225,0,0.0,140.0,136.0,27.0,25.0
Niger,2021-02-19,"February 19th, 2021",2021,Feb,7,Africa,4725,7,0.1483679525,150.0,146.0,35.0,35.0,170,0,0.0,132.0,110.0,25.0,19.0,335,2,0.6006006006,153.0,84.0,40.0,23.0,4220,5,0.11862396200000001,141.0,129.0,32.0,34.0
Nigeria,2021-02-19,"February 19th, 2021",2021,Feb,7,Africa,150908,662,0.44061073170000004,72.0,66.0,3.0,5.0,1813,10,0.5546311703,77.0,62.0,4.0,5.0,21571,-455,-2.0657404885,55.0,178.0,4.0,46.0,127524,1107,0.8756733667000001,65.0,37.0,3.0,2.0
North Macedonia,2021-02-19,"February 19th, 2021",2021,Feb,7,Europe,98584,410,0.417625848,83.0,82.0,36.0,35.0,3037,19,0.6295559973,64.0,45.0,34.0,22.0,6525,147,2.3047977422,91.0,38.0,39.0,21.0,89022,244,0.2748428665,73.0,77.0,30.0,28.0
Norway,2021-02-19,"February 19th, 2021",2021,Feb,7,Europe,68107,283,0.4172564284,93.0,91.0,42.0,40.0,607,0,0.0,103.0,110.0,45.0,45.0,49502,283,0.5749812064000001,30.0,32.0,20.0,20.0,17998,0,0.0,108.0,136.0,41.0,40.0
Oman,2021-02-19,"February 19th, 2021",2021,Feb,7,Eastern Mediterranean,138494,0,0.0,75.0,156.0,14.0,21.0,1549,0,0.0,83.0,110.0,14.0,16.0,6861,0,0.0,88.0,89.0,15.0,11.0,130084,0,0.0,64.0,136.0,14.0,19.0
Pakistan,2021-02-19,"February 19th, 2021",2021,Feb,7,Eastern Mediterranean,569846,1340,0.2357055159,30.0,41.0,3.0,5.0,12563,36,0.28737926080000004,31.0,34.0,3.0,4.0,24081,-58,-0.24027507350000002,52.0,152.0,6.0,16.0,533202,1362,0.2560920578,23.0,30.0,3.0,6.0
Panama,2021-02-19,"February 19th, 2021",2021,Feb,7,Americas,335339,876,0.2619123789,43.0,51.0,9.0,12.0,5711,17,0.2985598876,46.0,48.0,12.0,13.0,10833,-504,-4.4456205345,71.0,179.0,15.0,34.0,318795,1363,0.42938330100000005,32.0,29.0,8.0,8.0
Papua New Guinea,2021-02-19,"February 19th, 2021",2021,Feb,7,Western Pacific,955,0,0.0,171.0,156.0,11.0,11.0,10,0,0.0,168.0,110.0,10.0,5.0,99,0,0.0,166.0,89.0,10.0,4.0,846,0,0.0,167.0,136.0,11.0,11.0
Paraguay,2021-02-19,"February 19th, 2021",2021,Feb,7,Americas,149684,1062,0.7145644656,73.0,45.0,16.0,11.0,3026,18,0.5984042553000001,65.0,47.0,14.0,12.0,21630,121,0.5625552094,54.0,41.0,14.0,10.0,125028,923,0.7437250715,67.0,43.0,15.0,12.0
Peru,2021-02-19,"February 19th, 2021",2021,Feb,7,Americas,1261804,9667,0.7720401202,19.0,10.0,6.0,3.0,44489,181,0.4085041076,15.0,11.0,6.0,4.0,54162,2741,5.3305069913,29.0,10.0,6.0,3.0,1163153,6745,0.5832716481,14.0,11.0,5.0,3.0
Philippines,2021-02-19,"February 19th, 2021",2021,Feb,7,Western Pacific,557058,1895,0.3413411917,31.0,35.0,1.0,2.0,11829,156,1.3364173734,32.0,14.0,1.0,1.0,32440,1113,3.552845788,41.0,19.0,2.0,1.0,512789,626,0.122226713,24.0,56.0,1.0,3.0
Poland,2021-02-19,"February 19th, 2021",2021,Feb,7,Europe,1623218,8772,0.5433442803,14.0,12.0,8.0,7.0,41823,241,0.5795777019,16.0,9.0,7.0,6.0,216179,1981,0.9248452367000001,14.0,14.0,11.0,9.0,1365216,6550,0.4820905211,11.0,12.0,5.0,6.0
Portugal,2021-02-19,"February 19th, 2021",2021,Feb,7,Europe,794769,1940,0.2446933702,23.0,33.0,12.0,18.0,15821,67,0.42528881550000003,25.0,26.0,13.0,13.0,87082,-2531,-2.8243670003,24.0,189.0,16.0,53.0,691866,4404,0.6406172268,21.0,18.0,10.0,9.0
Qatar,2021-02-19,"February 19th, 2021",2021,Feb,7,Eastern Mediterranean,159518,465,0.29235537840000003,70.0,74.0,13.0,13.0,256,0,0.0,122.0,110.0,20.0,16.0,9942,176,1.8021707966,74.0,35.0,11.0,3.0,149320,289,0.19391938590000002,60.0,74.0,12.0,15.0
Romania,2021-02-19,"February 19th, 2021",2021,Feb,7,Europe,774555,2712,0.3513667935,25.0,28.0,13.0,14.0,19738,79,0.4018515693,23.0,22.0,11.0,11.0,35124,119,0.3399514355,38.0,42.0,22.0,23.0,719693,2514,0.3505401023,19.0,24.0,8.0,10.0
Russia,2021-02-19,"February 19th, 2021",2021,Feb,7,Europe,4092649,13242,0.3246060028,5.0,5.0,2.0,2.0,81048,461,0.5720525643000001,8.0,6.0,4.0,3.0,372590,-5679,-1.501312558,11.0,191.0,9.0,55.0,3639011,18460,0.5098671445,3.0,2.0,1.0,1.0
Rwanda,2021-02-19,"February 19th, 2021",2021,Feb,7,Africa,17929,94,0.5270535464,122.0,110.0,20.0,18.0,245,2,0.8230452675000001,125.0,102.0,23.0,15.0,1297,-132,-9.2372288314,124.0,159.0,22.0,42.0,16387,224,1.3858813339,110.0,78.0,17.0,10.0
Saint Kitts and Nevis,2021-02-19,"February 19th, 2021",2021,Feb,7,Americas,41,0,0.0,185.0,156.0,35.0,26.0,0,0,0.0,181.0,110.0,34.0,23.0,2,0,0.0,183.0,89.0,34.0,15.0,39,0,0.0,181.0,136.0,34.0,25.0
Saint Lucia,2021-02-19,"February 19th, 2021",2021,Feb,7,Americas,2620,0,0.0,159.0,156.0,30.0,26.0,25,0,0.0,163.0,110.0,30.0,23.0,232,0,0.0,159.0,89.0,30.0,15.0,2363,0,0.0,153.0,136.0,28.0,25.0
Saint Vincent and the Grenadines,2021-02-19,"February 19th, 2021",2021,Feb,7,Americas,1494,32,2.1887824897,170.0,121.0,31.0,21.0,6,0,0.0,174.0,110.0,32.0,23.0,730,-94,-11.4077669903,138.0,155.0,26.0,28.0,758,126,19.9367088608,169.0,89.0,30.0,18.0
Samoa,2021-02-19,"February 19th, 2021",2021,Feb,7,Western Pacific,3,0,0.0,189.0,156.0,18.0,11.0,0,0,0.0,181.0,110.0,14.0,5.0,1,0,0.0,184.0,89.0,16.0,4.0,2,0,0.0,185.0,136.0,18.0,11.0
San Marino,2021-02-19,"February 19th, 2021",2021,Feb,7,Europe,3440,20,0.5847953216,155.0,129.0,52.0,49.0,72,0,0.0,151.0,110.0,51.0,45.0,298,-15,-4.7923322684,156.0,138.0,50.0,40.0,3070,35,1.1532125206,148.0,111.0,48.0,38.0
Sao Tome and Principe,2021-02-19,"February 19th, 2021",2021,Feb,7,Africa,1578,30,1.9379844961,169.0,122.0,45.0,25.0,20,0,0.0,166.0,110.0,43.0,19.0,338,9,2.73556231,151.0,74.0,38.0,19.0,1220,21,1.7514595496,164.0,118.0,44.0,26.0
Saudi Arabia,2021-02-19,"February 19th, 2021",2021,Feb,7,Eastern Mediterranean,374366,337,0.0900999655,39.0,87.0,5.0,15.0,6454,4,0.062015503900000005,42.0,87.0,7.0,13.0,2549,-13,-0.5074160812,108.0,134.0,19.0,13.0,365363,346,0.0947901057,29.0,68.0,5.0,14.0
Senegal,2021-02-19,"February 19th, 2021",2021,Feb,7,Africa,32378,279,0.8691859559,109.0,92.0,13.0,10.0,787,6,0.7682458387000001,96.0,77.0,9.0,8.0,4967,12,0.2421796165,101.0,68.0,13.0,15.0,26624,261,0.9900238971,100.0,75.0,13.0,9.0
Serbia,2021-02-19,"February 19th, 2021",2021,Feb,7,Europe,431680,2632,0.6134511756000001,36.0,29.0,19.0,15.0,4306,14,0.3261882572,52.0,55.0,25.0,27.0,427374,2618,0.6163538596,9.0,11.0,7.0,7.0,0,0,0.0,188.0,136.0,53.0,40.0
Seychelles,2021-02-19,"February 19th, 2021",2021,Feb,7,Africa,2305,25,1.0964912281,164.0,126.0,42.0,28.0,10,0,0.0,168.0,110.0,44.0,19.0,520,-31,-5.6261343013000005,142.0,147.0,32.0,39.0,1775,56,3.2577079697,160.0,103.0,43.0,21.0
Sierra Leone,2021-02-19,"February 19th, 2021",2021,Feb,7,Africa,3841,12,0.31339775400000003,152.0,142.0,37.0,33.0,79,0,0.0,149.0,110.0,37.0,19.0,1165,12,1.0407632264,128.0,68.0,26.0,15.0,2597,0,0.0,150.0,136.0,39.0,36.0
Singapore,2021-02-19,"February 19th, 2021",2021,Feb,7,Western Pacific,59846,14,0.0233988501,95.0,137.0,6.0,8.0,29,0,0.0,160.0,110.0,8.0,5.0,120,-4,-3.2258064516,164.0,127.0,9.0,15.0,59697,18,0.0301613633,86.0,120.0,6.0,8.0
Slovakia,2021-02-19,"February 19th, 2021",2021,Feb,7,Europe,287752,2333,0.8173947775,44.0,31.0,21.0,17.0,6350,79,1.2597671823,43.0,22.0,20.0,11.0,26102,2254,9.4515263334,48.0,12.0,25.0,8.0,255300,0,0.0,39.0,136.0,16.0,40.0
Slovenia,2021-02-19,"February 19th, 2021",2021,Feb,7,Europe,183396,912,0.49976984280000003,61.0,50.0,31.0,27.0,3762,7,0.18641810920000002,56.0,71.0,27.0,32.0,11202,-50,-0.4443654461,69.0,150.0,32.0,45.0,168432,955,0.5702275536,54.0,40.0,24.0,17.0
Solomon Islands,2021-02-19,"February 19th, 2021",2021,Feb,7,Western Pacific,18,0,0.0,187.0,156.0,16.0,11.0,0,0,0.0,181.0,110.0,14.0,5.0,4,0,0.0,180.0,89.0,13.0,4.0,14,0,0.0,183.0,136.0,16.0,11.0
Somalia,2021-02-19,"February 19th, 2021",2021,Feb,7,Eastern Mediterranean,5632,0,0.0,147.0,156.0,21.0,21.0,179,0,0.0,129.0,110.0,21.0,16.0,1696,0,0.0,119.0,89.0,20.0,11.0,3757,0,0.0,145.0,136.0,21.0,19.0
South Africa,2021-02-19,"February 19th, 2021",2021,Feb,7,Africa,1500677,1911,0.127504894,16.0,34.0,1.0,1.0,48859,151,0.31001067590000003,14.0,15.0,1.0,1.0,44911,-1933,-4.1264623004,35.0,185.0,1.0,47.0,1406907,3693,0.2631815247,10.0,21.0,1.0,1.0
South Korea,2021-02-19,"February 19th, 2021",2021,Feb,7,Western Pacific,86574,446,0.5178339216,85.0,77.0,5.0,4.0,1553,3,0.1935483871,82.0,95.0,4.0,4.0,7938,-127,-1.5747055177,81.0,157.0,4.0,18.0,77083,570,0.7449714428,77.0,60.0,5.0,4.0
South Sudan,2021-02-19,"February 19th, 2021",2021,Feb,7,Africa,6277,193,3.1722550953,142.0,97.0,30.0,13.0,83,0,0.0,146.0,110.0,35.0,19.0,2180,55,2.5882352941,114.0,51.0,17.0,7.0,4014,138,3.560371517,143.0,88.0,34.0,15.0
Spain,2021-02-19,"February 19th, 2021",2021,Feb,7,Europe,3133122,11435,0.3663083455,7.0,8.0,4.0,5.0,67101,397,0.5951667066,10.0,7.0,6.0,4.0,2915645,11038,0.3800169868,4.0,4.0,3.0,2.0,150376,0,0.0,59.0,136.0,27.0,40.0
Sri Lanka,2021-02-19,"February 19th, 2021",2021,Feb,7,South-East Asia,78937,517,0.6592705942,90.0,72.0,6.0,3.0,433,3,0.6976744186,110.0,95.0,6.0,4.0,5938,-229,-3.7133127939,93.0,167.0,5.0,10.0,72566,743,1.0344875597,79.0,50.0,6.0,3.0
Sudan,2021-02-19,"February 19th, 2021",2021,Feb,7,Eastern Mediterranean,30128,13,0.043167856500000004,112.0,140.0,18.0,19.0,1864,0,0.0,76.0,110.0,13.0,16.0,5626,13,0.2316052022,95.0,66.0,16.0,7.0,22638,0,0.0,104.0,136.0,18.0,19.0
Suriname,2021-02-19,"February 19th, 2021",2021,Feb,7,Americas,8854,16,0.18103643360000002,135.0,134.0,24.0,25.0,168,0,0.0,133.0,110.0,27.0,23.0,365,2,0.5509641873000001,150.0,84.0,28.0,14.0,8321,14,0.16853256290000002,129.0,124.0,23.0,24.0
Sweden,2021-02-19,"February 19th, 2021",2021,Feb,7,Europe,631166,4144,0.6609018503,29.0,20.0,16.0,11.0,12649,51,0.4048261629,30.0,28.0,16.0,14.0,618517,4093,0.6661523638,8.0,6.0,6.0,4.0,0,0,0.0,188.0,136.0,53.0,40.0
Switzerland,2021-02-19,"February 19th, 2021",2021,Feb,7,Europe,547775,1021,0.1867384601,32.0,47.0,17.0,25.0,9883,7,0.0708788983,35.0,71.0,17.0,32.0,220292,1014,0.4624266912,13.0,22.0,10.0,13.0,317600,0,0.0,33.0,136.0,12.0,40.0
Syria,2021-02-19,"February 19th, 2021",2021,Feb,7,Eastern Mediterranean,15094,49,0.3256895979,126.0,115.0,19.0,16.0,994,4,0.404040404,93.0,87.0,17.0,13.0,5036,-37,-0.7293514686,100.0,148.0,17.0,15.0,9064,82,0.9129369851,128.0,94.0,19.0,16.0
Taiwan,2021-02-19,"February 19th, 2021",2021,Feb,7,South-East Asia,941,1,0.1063829787,172.0,153.0,9.0,9.0,9,0,0.0,172.0,110.0,9.0,7.0,44,-1,-2.2222222222,170.0,123.0,9.0,6.0,888,2,0.2257336343,165.0,133.0,9.0,9.0
Tajikistan,2021-02-19,"February 19th, 2021",2021,Feb,7,Europe,13308,0,0.0,129.0,156.0,49.0,54.0,90,0,0.0,142.0,110.0,50.0,45.0,0,0,0.0,186.0,89.0,55.0,36.0,13218,0,0.0,119.0,136.0,44.0,40.0
Tanzania,2021-02-19,"February 19th, 2021",2021,Feb,7,Africa,509,0,0.0,177.0,156.0,47.0,39.0,21,0,0.0,165.0,110.0,42.0,19.0,305,0,0.0,155.0,89.0,41.0,24.0,183,0,0.0,174.0,136.0,47.0,36.0
Thailand,2021-02-19,"February 19th, 2021",2021,Feb,7,South-East Asia,25241,130,0.5177014058,115.0,105.0,7.0,5.0,83,0,0.0,146.0,110.0,7.0,7.0,1029,71,7.4112734864,130.0,49.0,8.0,2.0,24129,59,0.24511840470000001,101.0,101.0,7.0,7.0
Togo,2021-02-19,"February 19th, 2021",2021,Feb,7,Africa,6182,97,1.5940838127,143.0,108.0,31.0,17.0,81,0,0.0,148.0,110.0,36.0,19.0,865,40,4.8484848485,134.0,56.0,29.0,8.0,5236,57,1.1005985712,138.0,102.0,30.0,20.0
Trinidad and Tobago,2021-02-19,"February 19th, 2021",2021,Feb,7,Americas,7666,0,0.0,140.0,156.0,27.0,26.0,138,0,0.0,138.0,110.0,28.0,23.0,154,0,0.0,163.0,89.0,32.0,15.0,7374,0,0.0,131.0,136.0,25.0,25.0
Tunisia,2021-02-19,"February 19th, 2021",2021,Feb,7,Eastern Mediterranean,226740,725,0.32077516980000004,56.0,62.0,9.0,9.0,7719,35,0.45549193130000004,40.0,36.0,6.0,5.0,31268,-890,-2.7675850488,44.0,183.0,4.0,20.0,187753,1580,0.8486730084,48.0,28.0,9.0,5.0
Turkey,2021-02-19,"February 19th, 2021",2021,Feb,7,Europe,2624019,7419,0.2835358863,9.0,16.0,6.0,8.0,27903,82,0.29474138240000003,18.0,21.0,8.0,10.0,84568,-161,-0.1900175855,26.0,161.0,17.0,46.0,2511548,7498,0.2994349154,4.0,8.0,2.0,5.0
US,2021-02-19,"February 19th, 2021",2021,Feb,7,Americas,28006110,110070,0.39457213280000003,1.0,1.0,1.0,1.0,495804,2706,0.5487752942,1.0,1.0,1.0,1.0,27510306,107364,0.39179734790000004,1.0,1.0,1.0,1.0,0,0,0.0,188.0,136.0,35.0,25.0
Uganda,2021-02-19,"February 19th, 2021",2021,Feb,7,Africa,40168,14,0.0348657668,104.0,137.0,9.0,31.0,331,0,0.0,116.0,110.0,19.0,19.0,25259,5,0.019798843700000002,51.0,81.0,3.0,22.0,14578,9,0.061775001700000005,116.0,128.0,22.0,33.0
Ukraine,2021-02-19,"February 19th, 2021",2021,Feb,7,Europe,1340054,6722,0.5041505042000001,17.0,17.0,9.0,9.0,26320,129,0.4925356038,19.0,17.0,9.0,8.0,132819,559,0.4226523514,20.0,26.0,13.0,15.0,1180915,6034,0.5135839289,13.0,14.0,6.0,7.0
United Arab Emirates,2021-02-19,"February 19th, 2021",2021,Feb,7,Eastern Mediterranean,365017,3140,0.8676981405,40.0,24.0,6.0,3.0,1093,20,1.8639328983999999,88.0,44.0,15.0,7.0,12209,-1229,-9.1457062063,65.0,184.0,9.0,21.0,351715,4349,1.2519935745,30.0,19.0,6.0,2.0
United Kingdom,2021-02-19,"February 19th, 2021",2021,Feb,7,Europe,4107286,12099,0.2954443839,4.0,6.0,1.0,3.0,120147,533,0.4456000134,5.0,4.0,1.0,1.0,3975889,11476,0.2894753902,2.0,3.0,1.0,1.0,11250,90,0.8064516129,124.0,93.0,45.0,34.0
Uruguay,2021-02-19,"February 19th, 2021",2021,Feb,7,Americas,51377,625,1.2314785624,102.0,67.0,19.0,17.0,563,5,0.8960573477,106.0,80.0,19.0,19.0,5416,198,3.7945573016000003,96.0,34.0,19.0,9.0,45398,422,0.9382781928,91.0,64.0,18.0,15.0
Uzbekistan,2021-02-19,"February 19th, 2021",2021,Feb,7,Europe,79598,50,0.06285513150000001,88.0,114.0,40.0,47.0,622,0,0.0,100.0,110.0,43.0,45.0,876,9,1.0380622837,133.0,74.0,48.0,31.0,78100,41,0.0525243726,76.0,108.0,32.0,37.0
Vanuatu,2021-02-19,"February 19th, 2021",2021,Feb,7,Western Pacific,1,0,0.0,190.0,156.0,19.0,11.0,0,0,0.0,181.0,110.0,14.0,5.0,0,0,0.0,186.0,89.0,17.0,4.0,1,0,0.0,186.0,136.0,19.0,11.0
Venezuela,2021-02-19,"February 19th, 2021",2021,Feb,7,Americas,135114,333,0.247067465,76.0,88.0,17.0,19.0,1308,5,0.3837298542,87.0,80.0,18.0,19.0,6663,-23,-0.3440023931,90.0,144.0,18.0,26.0,127143,351,0.2768313458,66.0,67.0,14.0,16.0
Vietnam,2021-02-19,"February 19th, 2021",2021,Feb,7,Western Pacific,2362,15,0.6391137622,162.0,135.0,9.0,7.0,35,0,0.0,158.0,110.0,7.0,5.0,700,-7,-0.9900990099,139.0,129.0,8.0,16.0,1627,22,1.3707165109,162.0,117.0,10.0,7.0
West Bank and Gaza,2021-02-19,"February 19th, 2021",2021,Feb,7,Eastern Mediterranean,171717,563,0.32894352450000003,66.0,70.0,12.0,12.0,1961,5,0.2556237219,74.0,80.0,12.0,12.0,9584,-245,-2.4926238681,75.0,169.0,12.0,18.0,160172,803,0.5038621062,57.0,48.0,11.0,10.0
Yemen,2021-02-19,"February 19th, 2021",2021,Feb,7,Eastern Mediterranean,2157,3,0.139275766,165.0,149.0,22.0,20.0,618,0,0.0,102.0,110.0,18.0,16.0,107,3,2.8846153846,165.0,83.0,21.0,10.0,1432,0,0.0,163.0,136.0,22.0,19.0
Zambia,2021-02-19,"February 19th, 2021",2021,Feb,7,Africa,73203,736,1.0156347027,91.0,61.0,7.0,3.0,1002,11,1.1099899092,91.0,61.0,7.0,4.0,6188,-237,-3.6887159533,92.0,168.0,12.0,44.0,66013,962,1.4788396796,82.0,39.0,7.0,3.0
Zimbabwe,2021-02-19,"February 19th, 2021",2021,Feb,7,Africa,35710,167,0.46985341700000005,106.0,102.0,11.0,16.0,1430,10,0.7042253521,86.0,62.0,6.0,5.0,2308,6,0.2606429192,113.0,78.0,16.0,21.0,31972,151,0.4745293988,97.0,86.0,10.0,14.0
